08-27 17:09:38  CAP   idle      対象なし
08-27 17:09:38  RUN   start
08-27 17:22:04  RUN   start     gap=12m
08-27 17:22:24  SYNC  light     2日 92件
08-27 17:22:36  RUN   start     gap=1m
08-27 17:22:47  CAP   1/3       08-27 17:40 s02 Michael／マイケル M lead=17m occ=15%
08-27 17:22:55  CAP   1/3       08-27 18:05 s05 ブルーロック BLUE LO lead=42m occ=14%
08-27 17:23:04  CAP   1/3       08-27 18:05 s07 しらぬひ Shiranuhi lead=42m occ=2%
08-27 17:23:09  CAP   done      対象 3 / 成功 3 / 失敗 0 / 33s
08-27 17:23:09  MISS  31        08-27 10:40 08-27 13:15 08-27 11:45 08-27 14:20 08-27 09:10 08-27 11:30 08-27 13:50 08-27 16:10
08-27 17:47:36  RUN   start
08-27 17:47:55  SYNC  light     2日 92件
08-27 17:48:05  CAP   1/3       08-27 18:05 s05 ブルーロック BLUE LO lead=17m occ=17%
08-27 17:48:15  CAP   1/3       08-27 18:05 s07 しらぬひ Shiranuhi lead=17m occ=4%
08-27 17:48:23  CAP   1/3       08-27 18:30 s06 映画ちいかわ 人魚の島のひみ lead=42m occ=5%
08-27 17:48:32  CAP   1/3       08-27 18:40 s01 「劇場版 魔法少女まどか☆マ lead=52m occ=19%
08-27 17:48:42  CAP   1/3       08-27 18:40 s04 オークストリートの異変 Th lead=51m occ=14%
08-27 17:48:45  CAP   done      対象 5 / 成功 5 / 失敗 0 / 50s
08-27 17:48:45  MISS  32        08-27 10:40 08-27 13:15 08-27 11:45 08-27 14:20 08-27 09:10 08-27 11:30 08-27 13:50 08-27 16:10
08-27 22:09:25  CAP   idle      対象なし
08-27 22:09:25  MISS  10        08-27 21:15 08-27 21:15 08-27 20:50 08-27 19:05 08-27 20:50 08-27 21:10 08-27 20:25 08-27 20:40
08-27 22:09:25  RUN   start     gap=4h21m   ← 前回から大きく空いた
08-27 22:09:25  SYNC  skip      4h21m 前に取得済み
08-27 22:17:23  CAP   idle      対象なし
08-27 22:17:23  RUN   start     gap=8m
08-27 22:17:23  SYNC  skip      4h29m 前に取得済み
08-27 22:19:26  CAP   idle      対象なし
08-27 22:19:26  RUN   start     gap=2m
08-27 22:19:26  SYNC  skip      4h31m 前に取得済み
08-27 22:19:51  CAP   idle      対象なし
08-27 22:19:51  RUN   start     gap=0m
08-27 22:19:51  SYNC  skip      4h31m 前に取得済み
08-27 22:34:52  RUN   start     gap=15m
08-27 22:34:52  SYNC  skip      4h46m 前に取得済み
08-27 22:34:58  CAP   no-page   08-28 00:00 劇場版 魔法少女まどか☆マギ  予約リンク無し
08-27 22:35:01  CAP   done      対象 1 / 成功 0 / 失敗 1 / 9s
08-27 22:54:59  RUN   start     gap=20m
08-27 22:55:17  SYNC  change    2026-08-27 +20260827-1805-s05-blue-lock-4f16c3
08-27 22:55:17  SYNC  change    2026-08-27 +20260827-1805-s07-shiranuhi-6c2ef4
08-27 22:55:17  SYNC  change    2026-08-27 +20260827-1830-s06-chiikawa-0377e3
08-27 22:55:17  SYNC  change    2026-08-27 +20260827-1840-s01-puella-magi-madoka-magica-f4772b
08-27 22:55:17  SYNC  change    2026-08-27 +20260827-1840-s04-the-end-of-oak-street-964311
08-27 22:55:17  SYNC  light     2日 92件  予定記録 92 件   変更 5 件
08-27 22:55:30  RUN   start     gap=1m
08-27 22:55:34  CAP   no-page   08-28 00:00 劇場版 魔法少女まどか☆マギ  予約リンク無し
08-27 22:55:43  CAP   1/3       08-28 00:15 s03 劇場版 魔法少女まどか☆マギ lead=79m occ=65%
08-27 22:55:52  CAP   1/3       08-28 00:30 s06 劇場版 魔法少女まどか☆マギ lead=94m occ=98%
08-27 22:56:00  CAP   1/3       08-28 08:10 s01 ブルーロック BLUE LO lead=554m occ=0%
08-27 22:56:08  CAP   1/3       08-28 08:30 s03 劇場版 魔法少女まどか☆マギ lead=574m occ=79%
08-27 22:56:17  CAP   1/3       08-28 08:35 s05 映画クレヨンしんちゃん 奇々 lead=579m occ=1%
08-27 22:56:25  CAP   1/3       08-28 08:45 s02 ミニオンズ＆モンスターズ M lead=589m occ=0%
08-27 22:56:34  CAP   1/3       08-28 08:45 s04 映画『仮面ライダーゼッツ さ lead=588m occ=0%
08-27 22:56:39  CAP   done      対象 8 / 成功 7 / 失敗 1 / 69s
08-27 22:56:39  MISS  5         08-27 18:05 08-27 18:05 08-27 18:30 08-27 18:40 08-27 18:40
08-27 23:01:19  RUN   start     gap=6m
08-27 23:01:23  SYNC  pull      合流完了  記録 92 件  画像 +0
08-27 23:01:23  SYNC  skip      6m 前に取得済み
08-27 23:01:27  CAP   no-page   08-28 00:00 劇場版 魔法少女まどか☆マギ  予約リンク無し
08-27 23:01:32  CAP   done      対象 1 / 成功 0 / 失敗 1 / 9s
08-27 23:05:51  SYNC  pull      合流完了  記録 92 件  画像 +0
08-27 23:06:36  SYNC  push      送信完了  記録 92 件
08-27 23:11:56  SYNC  repair    5 件の記録に画像を復元
08-27 23:19:34  SYNC  repair    5 件に画像を復元（うち撮影時刻も復元 3 件）  対応する記録が無い画像 7 枚
08-27 23:19:43  SYNC  pull      合流完了  記録 92 件  画像 +0
08-27 23:19:46  SYNC  push      送信完了  記録 92 件
08-27 23:30:19  RUN   start     gap=29m
08-27 23:30:29  CAP   1/3       08-28 09:00 s07 劇場版 魔法少女まどか☆マギ lead=570m occ=77%
08-27 23:30:33  CAP   done      対象 1 / 成功 1 / 失敗 0 / 14s
08-27 23:32:25  RUN   start     gap=2m
08-27 23:32:26  CAP   idle      対象なし
08-27 23:32:26  SYNC  pull      合流完了  記録 92 件  画像 +0
08-27 23:32:26  SYNC  skip      37m 前に取得済み
08-27 23:32:29  SYNC  pull      合流完了  記録 92 件  画像 +0
08-27 23:32:33  SYNC  push      送信完了  記録 92 件
08-27 23:37:33  RUN   start     gap=5m
08-27 23:37:35  CAP   idle      対象なし
08-27 23:37:35  SYNC  pull      合流完了  記録 92 件  画像 +0
08-27 23:37:35  SYNC  skip      42m 前に取得済み
08-27 23:37:38  SYNC  pull      合流完了  記録 92 件  画像 +0
08-27 23:37:41  SYNC  push      送信完了  記録 92 件
08-27 23:53:16  RUN   start     gap=16m
08-27 23:53:18  SYNC  pull      合流完了  記録 92 件  画像 +0
08-27 23:53:18  SYNC  skip      58m 前に取得済み
08-27 23:53:27  CAP   2/3       08-28 00:15 s03 劇場版 魔法少女まどか☆マギ lead=22m occ=69%
08-27 23:53:31  CAP   done      対象 1 / 成功 1 / 失敗 0 / 12s
08-27 23:53:34  SYNC  pull      合流完了  記録 92 件  画像 +0
08-27 23:53:37  SYNC  push      送信完了  記録 92 件
08-27 23:54:55  SYNC  pull      合流完了  記録 92 件  画像 +0
08-27 23:54:59  SYNC  push      送信完了  記録 92 件
08-27 23:57:34  RUN   start     gap=4m
08-27 23:57:43  CAP   3/3       08-28 00:15 s03 劇場版 魔法少女まどか☆マギ lead=17m occ=69%
08-27 23:57:47  CAP   done      対象 1 / 成功 1 / 失敗 0 / 13s
08-28 00:08:54  RUN   start     gap=11m
08-28 00:10:12  SYNC  full      11日 327件  予定記録 316 件
08-28 00:15:02  RUN   start     gap=6m
08-28 00:15:04  SYNC  pull      合流完了  記録 371 件  画像 +0
08-28 00:15:04  SYNC  skip      5m 前に取得済み
08-28 00:15:13  CAP   3/3       08-28 00:15 s03 劇場版 魔法少女まどか☆マギ lead=-0m occ=61%
08-28 00:15:21  CAP   2/3       08-28 00:30 s06 劇場版 魔法少女まどか☆マギ lead=15m occ=97%
08-28 00:15:26  CAP   done      対象 2 / 成功 2 / 失敗 0 / 22s
08-28 00:15:29  SYNC  pull      合流完了  記録 371 件  画像 +0
08-28 00:15:32  SYNC  push      送信完了  記録 371 件
08-28 01:35:44  CAP   idle      対象なし
08-28 01:35:44  RUN   start     gap=1h20m   ← 前回から大きく空いた
08-28 01:35:44  SYNC  pull      リモートにデータブランチが無い
08-28 01:35:44  SYNC  skip      1h25m 前に取得済み
08-28 01:35:46  SYNC  push      データブランチを作成
08-28 01:35:47  SYNC  pull      合流完了  記録 371 件  画像 +0
08-28 01:35:48  SYNC  push      送信完了  記録 371 件
08-28 08:16:14  RUN   start     gap=8h01m   ← 前回から大きく空いた
08-28 08:16:15  SYNC  pull      合流完了  記録 371 件  画像 +0
08-28 08:16:33  SYNC  light     2日 89件  予定記録 81 件
08-28 08:16:41  CAP   final     08-28 08:30 s03 劇場版 魔法少女まどか☆マギ lead=13m occ=86%
08-28 08:16:50  CAP   2/3       08-28 08:35 s05 映画クレヨンしんちゃん 奇々 lead=18m occ=1%
08-28 08:16:55  CAP   done      対象 2 / 成功 2 / 失敗 0 / 22s
08-28 08:16:56  SYNC  pull      合流完了  記録 371 件  画像 +0
08-28 08:16:58  SYNC  push      送信完了  記録 371 件
08-28 08:52:04  RUN   start     gap=8h37m   ← 前回から大きく空いた
08-28 08:52:05  SYNC  pull      合流完了  記録 371 件  画像 +2
08-28 08:52:05  SYNC  skip      36m 前に取得済み
08-28 08:52:14  CAP   final     08-28 09:00 s07 劇場版 魔法少女まどか☆マギ lead=8m occ=74%
08-28 08:52:18  CAP   done      対象 1 / 成功 1 / 失敗 0 / 13s
08-28 08:52:20  SYNC  pull      合流完了  記録 371 件  画像 +0
08-28 08:52:21  SYNC  push      送信完了  記録 371 件
08-28 13:56:40  RUN   start     gap=5h04m   ← 前回から大きく空いた
08-28 13:56:41  SYNC  pull      合流完了  記録 371 件  画像 +0
08-28 13:56:41  SYNC  skip      5h40m 前に取得済み
08-28 13:56:51  CAP   final     08-28 14:00 s04 オークストリートの異変 Th lead=3m occ=34%
08-28 13:57:00  CAP   final     08-28 14:00 s07 [アンコール上映]山下達郎  lead=3m occ=100%
08-28 13:57:09  CAP   1/3       08-28 14:15 s01 スパイダーマン：ブランド・ニ lead=18m occ=5%
08-28 13:57:19  CAP   1/3       08-28 14:35 s05 トイ・ストーリー５ Toy  lead=38m occ=7%
08-28 13:57:28  CAP   1/3       08-28 15:05 s02 映画ちいかわ 人魚の島のひみ lead=68m occ=1%
08-28 13:57:32  CAP   done      対象 5 / 成功 5 / 失敗 0 / 51s
08-28 13:57:32  MISS  11        08-28 10:40 08-28 10:45 08-28 10:50 08-28 10:50 08-28 11:00 08-28 11:35 08-28 11:40 08-28 12:55
08-28 13:57:33  SYNC  pull      合流完了  記録 371 件  画像 +0
08-28 13:57:34  SYNC  push      送信完了  記録 371 件
08-28 15:24:42  RUN   start     gap=6h32m   ← 前回から大きく空いた
08-28 15:24:44  SYNC  pull      合流完了  記録 371 件  画像 +8
08-28 15:25:02  SYNC  change    2026-08-28 +20260828-0015-s03-puella-magi-madoka-magica-walpurgisnacht-0fd537
08-28 15:25:02  SYNC  change    2026-08-28 +20260828-0030-s06-puella-magi-madoka-magica-walpurgisnacht-0fd537
08-28 15:25:02  SYNC  light     2日 89件  予定記録 76 件   変更 2 件
08-28 15:25:11  CAP   1/3       08-28 16:00 s03 しらぬひ Shiranuhi lead=35m occ=4%
08-28 15:25:20  CAP   1/3       08-28 16:05 s07 平行と垂直 Heikou t lead=40m occ=23%
08-28 15:25:30  CAP   1/3       08-28 16:10 s04 キングダム 魂の決戦 kin lead=44m occ=6%
08-28 15:25:39  CAP   1/3       08-28 16:10 s06 劇場版 魔法少女まどか☆マギ lead=44m occ=62%
08-28 15:25:48  CAP   1/3       08-28 16:45 s05 ミニオンズ＆モンスターズ M lead=79m occ=14%
08-28 15:25:52  CAP   done      対象 5 / 成功 5 / 失敗 0 / 50s
08-28 15:25:52  MISS  4         08-28 00:15 08-28 00:30 08-28 14:00 08-28 14:00
08-28 15:25:54  SYNC  pull      合流完了  記録 371 件  画像 +0
08-28 15:25:55  SYNC  push      送信完了  記録 371 件
08-28 18:42:01  RUN   start     gap=9h49m   ← 前回から大きく空いた
08-28 18:42:02  SYNC  pull      合流完了  記録 371 件  画像 +15
08-28 18:42:02  SYNC  skip      3h17m 前に取得済み
08-28 18:42:12  CAP   final     08-28 18:45 s05 オークストリートの異変 Th lead=3m occ=3%
08-28 18:42:20  CAP   final     08-28 18:45 s06 劇場版 魔法少女まどか☆マギ lead=3m occ=76%
08-28 18:42:29  CAP   final     08-28 18:55 s04 モアナと伝説の海 Moana lead=12m occ=15%
08-28 18:42:37  CAP   1/3       08-28 19:00 s06 追加上映『髑髏城の七人 19 lead=17m occ=37%
08-28 18:42:46  CAP   1/3       08-28 19:35 s03 劇場版 魔法少女まどか☆マギ lead=52m occ=75%
08-28 18:42:50  CAP   done      対象 5 / 成功 5 / 失敗 0 / 48s
08-28 18:42:50  MISS  4         08-28 17:05 08-28 17:15 08-28 17:15 08-28 18:30
08-28 18:42:51  SYNC  pull      合流完了  記録 371 件  画像 +0
08-28 18:42:53  SYNC  push      送信完了  記録 371 件
08-28 18:59:44  RUN   start     gap=10h07m   ← 前回から大きく空いた
08-28 18:59:46  SYNC  pull      合流完了  記録 371 件  画像 +21
08-28 18:59:46  SYNC  skip      3h34m 前に取得済み
08-28 18:59:55  CAP   final     08-28 18:55 s04 モアナと伝説の海 Moana lead=-5m occ=16%
08-28 19:00:05  CAP   final     08-28 19:00 s06 追加上映『髑髏城の七人 19 lead=-0m occ=37%
08-28 19:00:14  CAP   1/3       08-28 20:25 s02 25周年記念 『ハリー・ポッ lead=85m occ=53%
08-28 19:00:18  CAP   done      対象 3 / 成功 3 / 失敗 0 / 32s
08-28 19:00:18  MISS  2         08-28 18:45 08-28 18:45
08-28 19:00:19  SYNC  pull      合流完了  記録 371 件  画像 +0
08-28 19:00:20  SYNC  push      送信完了  記録 371 件
08-28 21:16:08  RUN   start     gap=2h16m   ← 前回から大きく空いた
08-28 21:16:09  SYNC  pull      合流完了  記録 371 件  画像 +0
08-28 21:16:09  SYNC  skip      5h51m 前に取得済み
08-28 21:16:17  CAP   final     08-28 21:20 s04 ブルーロック BLUE LO lead=4m occ=25%
08-28 21:16:26  CAP   final     08-28 21:20 s06 劇場版 魔法少女まどか☆マギ lead=4m occ=69%
08-28 21:16:31  CAP   done      対象 2 / 成功 2 / 失敗 0 / 23s
08-28 21:16:31  MISS  4         08-28 18:55 08-28 20:40 08-28 20:55 08-28 20:55
08-28 21:16:33  SYNC  pull      合流完了  記録 371 件  画像 +0
08-28 21:16:34  SYNC  push      送信完了  記録 371 件
08-29 06:10:37  RUN   start     gap=11h10m   ← 前回から大きく空いた
08-29 06:10:39  SYNC  pull      合流完了  記録 371 件  画像 +2
08-29 06:10:58  CAP   idle      対象なし
08-29 06:10:58  MISS  2         08-28 21:20 08-28 21:20
08-29 06:10:58  SYNC  light     2日 89件  予定記録 89 件
08-29 06:10:59  SYNC  pull      合流完了  記録 371 件  画像 +0
08-29 06:11:01  SYNC  push      送信完了  記録 371 件
08-29 08:50:40  RUN   start     gap=13h50m   ← 前回から大きく空いた
08-29 08:50:41  SYNC  pull      合流完了  記録 371 件  画像 +2
08-29 08:50:41  SYNC  skip      2h39m 前に取得済み
08-29 08:50:51  CAP   final     08-29 08:50 s06 劇場版 魔法少女まどか☆マギ lead=-1m occ=53%
08-29 08:50:54  CAP   done      対象 1 / 成功 1 / 失敗 0 / 13s
08-29 08:50:54  MISS  6         08-29 08:30 08-29 08:30 08-29 08:35 08-29 08:40 08-29 08:45 08-29 08:45
08-29 08:50:55  SYNC  pull      合流完了  記録 371 件  画像 +0
08-29 08:50:56  SYNC  push      送信完了  記録 371 件
08-29 11:54:45  RUN   start     gap=3h04m   ← 前回から大きく空いた
08-29 11:54:46  SYNC  pull      合流完了  記録 371 件  画像 +0
08-29 11:54:46  SYNC  skip      5h43m 前に取得済み
08-29 11:54:50  CAP   no-page   08-29 13:00 特別イベント上映『髑髏城の七  予約リンク無し
08-29 11:54:59  CAP   1/3       08-29 13:05 s03 [アンコール上映]山下達郎  lead=70m occ=100%
08-29 11:55:07  CAP   1/3       08-29 13:05 s03 [公開記念舞台挨拶]SEKI lead=70m occ=53%   ⚠ 座席数 189 ≠ 公称 207
08-29 11:55:10  CAP   done      対象 3 / 成功 2 / 失敗 1 / 25s
08-29 11:55:10  MISS  9         08-29 08:50 08-29 10:30 08-29 10:40 08-29 11:05 08-29 11:10 08-29 11:30 08-29 11:30 08-29 11:40
08-29 11:55:12  SYNC  pull      合流完了  記録 371 件  画像 +0
08-29 11:55:13  SYNC  push      送信完了  記録 371 件
08-29 12:20:42  RUN   start     gap=3h30m   ← 前回から大きく空いた
08-29 12:20:42  SYNC  pull      合流完了  記録 371 件  画像 +3
08-29 12:21:05  SYNC  light     2日 89件  予定記録 86 件
08-29 12:21:09  CAP   no-page   08-29 13:00 特別イベント上映『髑髏城の七  予約リンク無し
08-29 12:21:17  CAP   1/3       08-29 13:30 s07 平行と垂直 Heikou t lead=69m occ=74%
08-29 12:21:27  CAP   1/3       08-29 13:45 s02 映画ちいかわ 人魚の島のひみ lead=84m occ=49%
08-29 12:21:36  CAP   1/3       08-29 13:50 s05 トイ・ストーリー５ Toy  lead=88m occ=34%
08-29 12:21:40  CAP   done      対象 4 / 成功 3 / 失敗 1 / 35s
08-29 12:21:41  SYNC  pull      合流完了  記録 371 件  画像 +0
08-29 12:21:42  SYNC  push      送信完了  記録 371 件
08-29 12:56:16  RUN   start     gap=4h05m   ← 前回から大きく空いた
08-29 12:56:18  SYNC  pull      合流完了  記録 371 件  画像 +6
08-29 12:56:18  SYNC  skip      35m 前に取得済み
08-29 12:56:22  CAP   no-page   08-29 13:00 特別イベント上映『髑髏城の七  予約リンク無し
08-29 12:56:32  CAP   final     08-29 13:05 s03 [アンコール上映]山下達郎  lead=8m occ=98%
08-29 12:56:41  CAP   final     08-29 13:05 s03 [公開記念舞台挨拶]SEKI lead=8m occ=53%   ⚠ 座席数 189 ≠ 公称 207
08-29 12:56:46  CAP   done      対象 3 / 成功 2 / 失敗 1 / 28s
08-29 12:56:47  SYNC  pull      合流完了  記録 371 件  画像 +0
08-29 12:56:49  SYNC  push      送信完了  記録 371 件
08-29 14:58:14  RUN   start     gap=6h07m   ← 前回から大きく空いた
08-29 14:58:15  SYNC  pull      合流完了  記録 371 件  画像 +6
08-29 14:58:15  SYNC  skip      2h37m 前に取得済み
08-29 14:58:25  CAP   final     08-29 15:10 s03 映画ちいかわ 人魚の島のひみ lead=12m occ=?   ⚠ 座席が 0 件
08-29 14:58:34  CAP   1/3       08-29 15:20 s06 劇場版 魔法少女まどか☆マギ lead=21m occ=68%
08-29 14:58:44  CAP   1/3       08-29 15:55 s07 平行と垂直 Heikou t lead=56m occ=57%
08-29 14:58:53  CAP   1/3       08-29 16:00 s02 Michael／マイケル M lead=61m occ=66%
08-29 14:59:02  CAP   1/3       08-29 16:00 s05 ミニオンズ＆モンスターズ M lead=61m occ=63%
08-29 14:59:06  CAP   done      対象 5 / 成功 5 / 失敗 0 / 51s
08-29 14:59:06  MISS  2         08-29 14:35 08-29 14:50
08-29 14:59:07  SYNC  pull      合流完了  記録 371 件  画像 +0
08-29 14:59:09  SYNC  push      送信完了  記録 371 件
08-29 15:27:31  RUN   start     gap=29m
08-29 15:27:59  SYNC  light     3日 132件  予定記録 131 件
08-29 15:28:08  CAP   slot1     08-29 15:55 s07 平行と垂直 Heikou t lead=27m occ=65%
08-29 15:28:16  CAP   slot0     08-29 16:00 s02 Michael／マイケル M lead=32m occ=71%
08-29 15:28:24  CAP   slot0     08-29 16:00 s05 ミニオンズ＆モンスターズ M lead=32m occ=66%
08-29 15:28:33  CAP   slot0     08-29 17:10 s01 スパイダーマン：ブランド・ニ lead=102m occ=17%
08-29 15:28:42  CAP   slot0     08-29 17:20 s03 劇場版 魔法少女まどか☆マギ lead=111m occ=51%
08-29 15:28:51  CAP   slot0     08-29 17:45 s04 映画『仮面ライダーゼッツ さ lead=136m occ=24%
08-29 15:28:58  CAP   slot0     08-29 18:00 s05 25周年記念 『ハリー・ポッ lead=151m occ=65%
08-29 15:29:06  CAP   slot0     08-29 18:00 s06 劇場版 魔法少女まどか☆マギ lead=151m occ=26%
08-29 15:29:16  CAP   slot0     08-29 18:20 s07 平行と垂直 Heikou t lead=171m occ=15%
08-29 15:29:24  CAP   slot0     08-29 18:50 s02 映画ちいかわ 人魚の島のひみ lead=201m occ=21%
08-29 15:29:32  CAP   slot0     08-29 19:00 s06 追加上映『髑髏城の七人 19 lead=210m occ=40%
08-29 15:29:40  CAP   slot0     08-29 19:50 s03 王様戦隊キングオージャー フ lead=260m occ=14%
08-29 15:29:48  CAP   slot0     08-29 19:50 s04 しらぬひ Shiranuhi lead=260m occ=11%
08-29 15:29:56  CAP   slot0     08-29 20:15 s01 25周年記念 『ハリー・ポッ lead=285m occ=21%
08-29 15:30:06  CAP   slot0     08-29 20:40 s06 劇場版 魔法少女まどか☆マギ lead=310m occ=29%
08-29 15:30:14  CAP   slot0     08-29 20:45 s07 平行と垂直 Heikou t lead=315m occ=9%
08-29 15:30:21  CAP   slot0     08-29 20:55 s04 ブルーロック BLUE LO lead=325m occ=8%
08-29 15:30:29  CAP   slot0     08-29 21:05 s02 映画ちいかわ 人魚の島のひみ lead=334m occ=7%
08-29 15:30:37  CAP   slot0     08-29 21:15 s05 オークストリートの異変 Th lead=344m occ=0%
08-29 15:30:46  CAP   slot0     08-30 08:30 s01 ブルーロック BLUE LO lead=1019m occ=5%
08-29 15:30:55  CAP   slot0     08-30 08:30 s03 ミニオンズ＆モンスターズ M lead=1019m occ=1%
08-29 15:31:03  CAP   slot0     08-30 08:30 s06 劇場版 魔法少女まどか☆マギ lead=1019m occ=12%
08-29 15:31:12  CAP   slot0     08-30 08:35 s05 映画クレヨンしんちゃん 奇々 lead=1024m occ=1%
08-29 15:31:21  CAP   slot0     08-30 08:40 s07 モアナと伝説の海 Moana lead=1029m occ=1%
08-29 15:31:29  CAP   slot0     08-30 08:45 s02 キングダム 魂の決戦 kin lead=1034m occ=8%
08-29 15:31:38  CAP   slot0     08-30 08:45 s04 スパイダーマン：ブランド・ニ lead=1033m occ=2%
08-29 15:31:46  CAP   slot0     08-30 10:30 s03 劇場版 魔法少女まどか☆マギ lead=1138m occ=14%
08-29 15:31:55  CAP   slot0     08-30 10:40 s05 しらぬひ Shiranuhi lead=1148m occ=4%
08-29 15:32:05  CAP   slot0     08-30 11:00 s06 劇場版 魔法少女まどか☆マギ lead=1168m occ=11%
08-29 15:32:13  CAP   slot0     08-30 11:05 s07 平行と垂直 Heikou t lead=1173m occ=37%
08-29 15:32:22  CAP   slot0     08-30 11:10 s01 25周年記念 『ハリー・ポッ lead=1178m occ=28%
08-29 15:32:30  CAP   slot0     08-30 11:30 s02 映画ちいかわ 人魚の島のひみ lead=1198m occ=18%
08-29 15:32:39  CAP   slot0     08-30 11:40 s04 王様戦隊キングオージャー フ lead=1207m occ=46%
08-29 15:32:47  CAP   slot0     08-30 11:40 s05 オークストリートの異変 Th lead=1207m occ=6%
08-29 15:32:51  CAP   no-page   08-30 13:00 特別イベント上映『髑髏城の七  予約リンク無し
08-29 15:32:55  CAP   no-page   08-30 13:05 [アンコール上映]山下達郎   予約リンク無し
08-29 15:33:04  CAP   slot0     08-30 13:05 s03 [公開記念舞台挨拶]SEKI lead=1292m occ=55%   ⚠ 座席数 189 ≠ 公称 207
08-29 15:33:11  CAP   slot0     08-30 13:30 s07 平行と垂直 Heikou t lead=1317m occ=33%
08-29 15:33:20  CAP   slot0     08-30 13:35 s06 劇場版 魔法少女まどか☆マギ lead=1322m occ=18%
08-29 15:33:27  CAP   slot0     08-30 13:45 s02 映画ちいかわ 人魚の島のひみ lead=1332m occ=21%
08-29 15:33:35  CAP   slot0     08-30 13:50 s05 トイ・ストーリー５ Toy  lead=1336m occ=7%
08-29 15:33:43  CAP   slot0     08-30 14:35 s01 劇場版 魔法少女まどか☆マギ lead=1381m occ=52%
08-29 15:33:52  CAP   slot0     08-30 14:50 s04 スパイダーマン：ブランド・ニ lead=1396m occ=58%
08-29 15:33:59  CAP   slot0     08-30 15:10 s03 映画ちいかわ 人魚の島のひみ lead=1416m occ=15%
08-29 15:34:08  CAP   slot0     08-30 15:55 s07 平行と垂直 Heikou t lead=1461m occ=11%
08-29 15:34:16  CAP   slot0     08-30 16:00 s02 Michael／マイケル M lead=1466m occ=28%
08-29 15:34:24  CAP   slot0     08-30 16:00 s05 ミニオンズ＆モンスターズ M lead=1466m occ=5%
08-29 15:34:32  CAP   slot0     08-30 16:10 s06 劇場版 魔法少女まどか☆マギ lead=1476m occ=9%
08-29 15:34:40  CAP   slot0     08-30 17:10 s01 スパイダーマン：ブランド・ニ lead=1535m occ=8%
08-29 15:34:48  CAP   slot0     08-30 17:20 s03 劇場版 魔法少女まどか☆マギ lead=1545m occ=10%
08-29 15:34:56  CAP   slot0     08-30 17:45 s04 映画『仮面ライダーゼッツ さ lead=1570m occ=18%
08-29 15:35:04  CAP   slot0     08-30 18:00 s05 25周年記念 『ハリー・ポッ lead=1585m occ=28%
08-29 15:35:13  CAP   slot0     08-30 18:20 s07 平行と垂直 Heikou t lead=1605m occ=2%
08-29 15:35:21  CAP   slot0     08-30 18:45 s06 劇場版 魔法少女まどか☆マギ lead=1630m occ=3%
08-29 15:35:30  CAP   slot0     08-30 18:50 s02 映画ちいかわ 人魚の島のひみ lead=1634m occ=1%
08-29 15:35:39  CAP   slot0     08-30 19:00 s06 追加上映『髑髏城の七人 19 lead=1644m occ=40%
08-29 15:35:48  CAP   slot0     08-30 19:50 s03 王様戦隊キングオージャー フ lead=1694m occ=3%
08-29 15:35:56  CAP   slot0     08-30 19:50 s04 しらぬひ Shiranuhi lead=1694m occ=1%
08-29 15:36:05  CAP   slot0     08-30 20:15 s01 25周年記念 『ハリー・ポッ lead=1719m occ=10%
08-29 15:36:13  CAP   slot0     08-30 20:45 s07 平行と垂直 Heikou t lead=1749m occ=0%
08-29 15:36:22  CAP   slot0     08-30 20:55 s04 ブルーロック BLUE LO lead=1759m occ=2%
08-29 15:36:31  CAP   slot0     08-30 21:05 s02 映画ちいかわ 人魚の島のひみ lead=1768m occ=0%
08-29 15:36:39  CAP   slot0     08-30 21:15 s05 オークストリートの異変 Th lead=1778m occ=0%
08-29 15:36:47  CAP   slot0     08-30 21:20 s06 劇場版 魔法少女まどか☆マギ lead=1783m occ=2%
08-29 15:36:56  CAP   slot0     08-31 08:30 s01 ブルーロック BLUE LO lead=2453m occ=0%
08-29 15:37:04  CAP   slot0     08-31 08:30 s03 劇場版 魔法少女まどか☆マギ lead=2453m occ=3%
08-29 15:37:13  CAP   slot0     08-31 08:35 s05 映画クレヨンしんちゃん 奇々 lead=2458m occ=0%
08-29 15:37:21  CAP   slot0     08-31 08:40 s07 モアナと伝説の海 Moana lead=2463m occ=0%
08-29 15:37:29  CAP   slot0     08-31 08:45 s02 キングダム 魂の決戦 kin lead=2468m occ=0%
08-29 15:37:37  CAP   slot0     08-31 08:45 s04 スパイダーマン：ブランド・ニ lead=2467m occ=0%
08-29 15:37:44  CAP   slot0     08-31 09:30 s06 ミニオンズ＆モンスターズ M lead=2512m occ=0%
08-29 15:37:53  CAP   slot0     08-31 10:40 s05 しらぬひ Shiranuhi lead=2582m occ=1%
08-29 15:38:02  CAP   slot0     08-31 11:00 s03 劇場版 魔法少女まどか☆マギ lead=2602m occ=1%
08-29 15:38:11  CAP   slot0     08-31 11:05 s07 平行と垂直 Heikou t lead=2607m occ=6%
08-29 15:38:21  CAP   slot0     08-31 11:10 s01 25周年記念 『ハリー・ポッ lead=2612m occ=6%
08-29 15:38:29  CAP   slot0     08-31 11:30 s02 映画ちいかわ 人魚の島のひみ lead=2632m occ=1%
08-29 15:38:37  CAP   slot0     08-31 11:40 s04 王様戦隊キングオージャー フ lead=2641m occ=5%
08-29 15:38:44  CAP   slot0     08-31 11:40 s05 オークストリートの異変 Th lead=2641m occ=0%
08-29 15:38:49  CAP   no-page   08-31 13:00 特別イベント上映『髑髏城の七  予約リンク無し
08-29 15:38:52  CAP   no-page   08-31 13:00 特別イベント上映『髑髏城の七  予約リンク無し
08-29 15:39:00  CAP   slot0     08-31 13:05 s03 [公開記念舞台挨拶]SEKI lead=2726m occ=55%   ⚠ 座席数 189 ≠ 公称 207
08-29 15:39:08  CAP   slot0     08-31 13:30 s07 平行と垂直 Heikou t lead=2751m occ=3%
08-29 15:39:16  CAP   slot0     08-31 13:35 s03 劇場版 魔法少女まどか☆マギ lead=2756m occ=4%
08-29 15:39:25  CAP   slot0     08-31 13:45 s02 映画ちいかわ 人魚の島のひみ lead=2766m occ=1%
08-29 15:39:34  CAP   slot0     08-31 13:50 s05 トイ・ストーリー５ Toy  lead=2770m occ=0%
08-29 15:39:41  CAP   slot0     08-31 14:35 s01 劇場版 魔法少女まどか☆マギ lead=2815m occ=10%
08-29 15:39:48  CAP   slot0     08-31 14:50 s04 スパイダーマン：ブランド・ニ lead=2830m occ=2%
08-29 15:39:56  CAP   slot0     08-31 15:55 s07 平行と垂直 Heikou t lead=2895m occ=1%
08-29 15:40:04  CAP   slot0     08-31 16:00 s02 Michael／マイケル M lead=2900m occ=5%
08-29 15:40:12  CAP   slot0     08-31 16:00 s05 ミニオンズ＆モンスターズ M lead=2900m occ=0%
08-29 15:40:20  CAP   slot0     08-31 16:10 s03 劇場版 魔法少女まどか☆マギ lead=2910m occ=2%
08-29 15:40:28  CAP   slot0     08-31 17:10 s01 スパイダーマン：ブランド・ニ lead=2970m occ=1%
08-29 15:40:36  CAP   slot0     08-31 17:15 s06 [アンコール上映]山下達郎  lead=2974m occ=23%
08-29 15:40:44  CAP   slot0     08-31 17:45 s04 映画『仮面ライダーゼッツ さ lead=3004m occ=1%
08-29 15:40:52  CAP   slot0     08-31 18:00 s05 25周年記念 『ハリー・ポッ lead=3019m occ=4%
08-29 15:41:00  CAP   slot0     08-31 18:20 s07 平行と垂直 Heikou t lead=3039m occ=1%
08-29 15:41:09  CAP   slot0     08-31 18:45 s03 劇場版 魔法少女まどか☆マギ lead=3064m occ=5%
08-29 15:41:17  CAP   slot0     08-31 18:50 s02 映画ちいかわ 人魚の島のひみ lead=3069m occ=0%
08-29 15:41:26  CAP   slot0     08-31 19:00 s06 追加上映『髑髏城の七人 19 lead=3079m occ=40%
08-29 15:41:34  CAP   slot0     08-31 19:25 s06 王様戦隊キングオージャー フ lead=3103m occ=1%
08-29 15:41:43  CAP   slot0     08-31 19:50 s04 しらぬひ Shiranuhi lead=3128m occ=1%
08-29 15:41:52  CAP   slot0     08-31 20:15 s01 25周年記念 『ハリー・ポッ lead=3153m occ=4%
08-29 15:42:00  CAP   slot0     08-31 20:45 s07 平行と垂直 Heikou t lead=3183m occ=0%
08-29 15:42:09  CAP   slot0     08-31 20:55 s04 ブルーロック BLUE LO lead=3193m occ=2%
08-29 15:42:16  CAP   slot0     08-31 21:05 s02 映画ちいかわ 人魚の島のひみ lead=3203m occ=0%
08-29 15:42:24  CAP   slot0     08-31 21:15 s05 オークストリートの異変 Th lead=3213m occ=0%
08-29 15:42:32  CAP   slot0     08-31 21:20 s03 劇場版 魔法少女まどか☆マギ lead=3218m occ=2%
08-29 15:42:36  MISS  25        08-29 14:35 08-29 11:30 08-29 08:50 08-29 10:30 08-29 15:20 08-29 11:05 08-29 13:30 08-29 11:40
08-29 15:42:36  CAP   sweep     対象 107 / 成功 103 / 失敗 4 / 876s
08-29 17:23:58  RUN   start     gap=1h56m   ← 前回から大きく空いた
08-29 17:24:08  CAP   final     08-29 17:20 s03 劇場版 魔法少女まどか☆マギ lead=-4m occ=61%
08-29 17:24:16  CAP   slot1     08-29 17:45 s04 映画『仮面ライダーゼッツ さ lead=21m occ=39%
08-29 17:24:20  CAP   done      対象 2 / 成功 2 / 失敗 0 / 23s
08-29 17:28:07  RUN   start     gap=4m
08-29 17:28:16  CAP   slot1     08-29 18:00 s05 25周年記念 『ハリー・ポッ lead=32m occ=72%
08-29 17:28:25  CAP   slot1     08-29 18:00 s06 劇場版 魔法少女まどか☆マギ lead=32m occ=33%
08-29 17:28:30  CAP   done      対象 2 / 成功 2 / 失敗 0 / 23s
08-29 17:38:05  RUN   start     gap=10m
08-29 17:38:14  CAP   final     08-29 17:45 s04 映画『仮面ライダーゼッツ さ lead=7m occ=45%
08-29 17:38:19  CAP   done      対象 1 / 成功 1 / 失敗 0 / 13s
08-29 17:48:22  RUN   start     gap=10m
08-29 17:48:41  CAP   slot1     08-29 18:20 s07 平行と垂直 Heikou t lead=31m occ=22%
08-29 17:48:45  CAP   done      対象 1 / 成功 1 / 失敗 0 / 23s
08-29 17:53:16  RUN   start     gap=5m
08-29 17:53:27  CAP   final     08-29 18:00 s05 25周年記念 『ハリー・ポッ lead=6m occ=77%
08-29 17:53:37  CAP   final     08-29 18:00 s06 劇場版 魔法少女まどか☆マギ lead=6m occ=34%
08-29 17:53:40  CAP   done      対象 2 / 成功 2 / 失敗 0 / 24s
08-29 18:13:29  RUN   start     gap=20m
08-29 18:13:38  CAP   final     08-29 18:20 s07 平行と垂直 Heikou t lead=6m occ=26%
08-29 18:13:43  CAP   done      対象 1 / 成功 1 / 失敗 0 / 14s
08-29 18:18:14  RUN   start     gap=5m
08-29 18:18:23  CAP   slot1     08-29 18:50 s02 映画ちいかわ 人魚の島のひみ lead=32m occ=31%
08-29 18:18:26  CAP   done      対象 1 / 成功 1 / 失敗 0 / 12s
08-29 18:28:10  RUN   start     gap=10m
08-29 18:28:18  CAP   slot1     08-29 19:00 s06 追加上映『髑髏城の七人 19 lead=32m occ=41%
08-29 18:28:22  CAP   done      対象 1 / 成功 1 / 失敗 0 / 12s
08-29 18:43:15  RUN   start     gap=15m
08-29 18:43:24  CAP   final     08-29 18:50 s02 映画ちいかわ 人魚の島のひみ lead=7m occ=40%
08-29 18:43:28  CAP   done      対象 1 / 成功 1 / 失敗 0 / 12s
08-29 18:53:29  RUN   start     gap=10m
08-29 18:53:37  CAP   final     08-29 19:00 s06 追加上映『髑髏城の七人 19 lead=6m occ=41%
08-29 18:53:41  CAP   done      対象 1 / 成功 1 / 失敗 0 / 12s
08-29 19:18:05  RUN   start     gap=25m
08-29 19:18:15  CAP   slot1     08-29 19:50 s03 王様戦隊キングオージャー フ lead=32m occ=17%
08-29 19:18:23  CAP   slot1     08-29 19:50 s04 しらぬひ Shiranuhi lead=32m occ=14%
08-29 19:18:27  CAP   done      対象 2 / 成功 2 / 失敗 0 / 22s
08-29 19:43:14  RUN   start     gap=25m
08-29 19:43:22  CAP   final     08-29 19:50 s03 王様戦隊キングオージャー フ lead=7m occ=16%
08-29 19:43:31  CAP   final     08-29 19:50 s04 しらぬひ Shiranuhi lead=6m occ=14%
08-29 19:43:39  CAP   slot1     08-29 20:15 s01 25周年記念 『ハリー・ポッ lead=31m occ=26%
08-29 19:43:44  CAP   done      対象 3 / 成功 3 / 失敗 0 / 30s
08-29 20:08:22  RUN   start     gap=25m
08-29 20:08:30  CAP   final     08-29 20:15 s01 25周年記念 『ハリー・ポッ lead=6m occ=26%
08-29 20:08:38  CAP   slot1     08-29 20:40 s06 劇場版 魔法少女まどか☆マギ lead=31m occ=39%
08-29 20:08:42  CAP   done      対象 2 / 成功 2 / 失敗 0 / 20s
08-29 20:13:13  RUN   start     gap=5m
08-29 20:13:21  CAP   slot1     08-29 20:45 s07 平行と垂直 Heikou t lead=32m occ=19%
08-29 20:13:24  CAP   done      対象 1 / 成功 1 / 失敗 0 / 12s
08-29 20:23:17  RUN   start     gap=10m
08-29 20:23:25  CAP   slot1     08-29 20:55 s04 ブルーロック BLUE LO lead=32m occ=15%
08-29 20:23:29  CAP   done      対象 1 / 成功 1 / 失敗 0 / 12s
08-29 20:33:15  RUN   start     gap=10m
08-29 20:33:23  CAP   final     08-29 20:40 s06 劇場版 魔法少女まどか☆マギ lead=7m occ=40%
08-29 20:33:32  CAP   slot1     08-29 21:05 s02 映画ちいかわ 人魚の島のひみ lead=32m occ=11%
08-29 20:33:36  CAP   done      対象 2 / 成功 2 / 失敗 0 / 21s
08-29 20:38:29  RUN   start     gap=5m
08-29 20:38:37  CAP   final     08-29 20:45 s07 平行と垂直 Heikou t lead=6m occ=21%
08-29 20:38:41  CAP   done      対象 1 / 成功 1 / 失敗 0 / 12s
08-29 20:43:12  RUN   start     gap=5m
08-29 20:43:21  CAP   slot1     08-29 21:15 s05 オークストリートの異変 Th lead=32m occ=8%
08-29 20:43:26  CAP   done      対象 1 / 成功 1 / 失敗 0 / 14s
08-29 20:48:27  RUN   start     gap=5m
08-29 20:48:35  CAP   final     08-29 20:55 s04 ブルーロック BLUE LO lead=6m occ=19%
08-29 20:48:39  CAP   done      対象 1 / 成功 1 / 失敗 0 / 12s
08-29 20:58:12  RUN   start     gap=10m
08-29 20:58:20  CAP   final     08-29 21:05 s02 映画ちいかわ 人魚の島のひみ lead=7m occ=18%
08-29 20:58:25  CAP   done      対象 1 / 成功 1 / 失敗 0 / 13s
08-29 21:08:46  RUN   start     gap=11m
08-29 21:08:54  CAP   final     08-29 21:15 s05 オークストリートの異変 Th lead=6m occ=8%
08-29 21:08:58  CAP   done      対象 1 / 成功 1 / 失敗 0 / 12s
08-30 01:59:08  RUN   start     gap=4h50m   ← 前回から大きく空いた
08-30 01:59:34  SYNC  light     2日 88件  予定記録 3 件
08-30 01:59:38  CAP   no-page   08-30 13:00 特別イベント上映『髑髏城の七  予約リンク無し
08-30 01:59:43  CAP   no-page   08-30 13:05 [アンコール上映]山下達郎   予約リンク無し
08-30 01:59:47  CAP   no-page   08-31 13:00 特別イベント上映『髑髏城の七  予約リンク無し
08-30 01:59:52  CAP   no-page   08-31 13:00 特別イベント上映『髑髏城の七  予約リンク無し
08-30 01:59:55  CAP   sweep     対象 4 / 成功 0 / 失敗 4 / 21s
08-30 02:29:24  RUN   start     gap=30m
08-30 02:29:42  SYNC  light     2日 88件  予定記録 3 件
08-30 02:29:46  CAP   満席        08-30 13:00 特別イベント上映『髑髏城の七
08-30 02:29:46  CAP   満席        08-30 13:05 [アンコール上映]山下達郎   （既製図なし）
08-30 02:29:46  CAP   満席        08-31 13:00 特別イベント上映『髑髏城の七
08-30 02:29:46  CAP   満席        08-31 13:00 特別イベント上映『髑髏城の七
08-30 02:29:46  CAP   sweep     対象 4 / 成功 4 / 失敗 0 / 4s
08-30 10:42:47  RUN   start     gap=8h13m   ← 前回から大きく空いた
08-30 10:43:06  CAP   final     08-30 10:40 s05 しらぬひ Shiranuhi lead=-3m occ=29%
08-30 10:43:15  CAP   slot1     08-30 11:00 s06 劇場版 魔法少女まどか☆マギ lead=17m occ=23%
08-30 10:43:24  CAP   slot1     08-30 11:05 s07 平行と垂直 Heikou t lead=22m occ=65%
08-30 10:43:33  CAP   slot1     08-30 11:10 s01 25周年記念 『ハリー・ポッ lead=26m occ=42%
08-30 10:43:37  CAP   done      対象 4 / 成功 4 / 失敗 0 / 50s
08-30 10:53:05  RUN   start     gap=10m
08-30 10:53:19  CAP   final     08-30 11:00 s06 劇場版 魔法少女まどか☆マギ lead=7m occ=25%
08-30 10:53:24  CAP   done      対象 1 / 成功 1 / 失敗 0 / 18s
08-30 10:58:05  RUN   start     gap=5m
08-30 10:58:14  CAP   final     08-30 11:05 s07 平行と垂直 Heikou t lead=7m occ=69%
08-30 10:58:22  CAP   slot1     08-30 11:30 s02 映画ちいかわ 人魚の島のひみ lead=32m occ=51%
08-30 10:58:27  CAP   done      対象 2 / 成功 2 / 失敗 0 / 22s
08-30 11:03:28  RUN   start     gap=5m
08-30 11:03:36  CAP   final     08-30 11:10 s01 25周年記念 『ハリー・ポッ lead=6m occ=44%
08-30 11:03:41  CAP   done      対象 1 / 成功 1 / 失敗 0 / 13s
08-30 11:08:07  RUN   start     gap=5m
08-30 11:08:16  CAP   slot1     08-30 11:40 s04 王様戦隊キングオージャー フ lead=32m occ=60%
08-30 11:08:25  CAP   slot1     08-30 11:40 s05 オークストリートの異変 Th lead=32m occ=18%
08-30 11:08:29  CAP   done      対象 2 / 成功 2 / 失敗 0 / 22s
08-30 11:23:22  RUN   start     gap=15m
08-30 11:23:32  CAP   final     08-30 11:30 s02 映画ちいかわ 人魚の島のひみ lead=7m occ=52%
08-30 11:23:35  CAP   done      対象 1 / 成功 1 / 失敗 0 / 13s
08-30 11:33:07  RUN   start     gap=10m
08-30 11:33:15  CAP   final     08-30 11:40 s04 王様戦隊キングオージャー フ lead=7m occ=59%
08-30 11:33:23  CAP   final     08-30 11:40 s05 オークストリートの異変 Th lead=7m occ=23%
08-30 11:33:26  CAP   done      対象 2 / 成功 2 / 失敗 0 / 20s
08-30 12:28:07  RUN   start     gap=55m
08-30 12:28:11  CAP   満席        08-30 13:00 特別イベント上映『髑髏城の七
08-30 12:28:11  CAP   done      対象 1 / 成功 1 / 失敗 0 / 4s
08-30 12:33:03  RUN   start     gap=5m
08-30 12:33:07  CAP   満席        08-30 13:05 [アンコール上映]山下達郎   （既製図なし）
08-30 12:33:12  CAP   slot1     08-30 13:05 s03 [公開記念舞台挨拶]SEKI lead=32m occ=63%   ⚠ 座席数 189 ≠ 公称 207
08-30 12:33:16  CAP   done      対象 2 / 成功 2 / 失敗 0 / 13s
08-30 12:53:21  RUN   start     gap=20m
08-30 12:53:25  CAP   満席        08-30 13:00 特別イベント上映『髑髏城の七
08-30 12:53:25  CAP   done      対象 1 / 成功 1 / 失敗 0 / 4s
08-30 12:58:22  RUN   start     gap=5m
08-30 12:58:26  CAP   満席        08-30 13:05 [アンコール上映]山下達郎   （既製図なし）
08-30 12:58:32  CAP   final     08-30 13:05 s03 [公開記念舞台挨拶]SEKI lead=7m occ=63%   ⚠ 座席数 189 ≠ 公称 207
08-30 12:58:41  CAP   slot1     08-30 13:30 s07 平行と垂直 Heikou t lead=31m occ=70%
08-30 12:58:46  CAP   done      対象 3 / 成功 3 / 失敗 0 / 24s
08-30 13:03:10  RUN   start     gap=5m
08-30 13:03:19  CAP   slot1     08-30 13:35 s06 劇場版 魔法少女まどか☆マギ lead=32m occ=41%
08-30 13:03:24  CAP   done      対象 1 / 成功 1 / 失敗 0 / 13s
08-30 13:13:06  RUN   start     gap=10m
08-30 13:13:15  CAP   slot1     08-30 13:45 s02 映画ちいかわ 人魚の島のひみ lead=32m occ=55%
08-30 13:13:19  CAP   done      対象 1 / 成功 1 / 失敗 0 / 13s
08-30 13:18:21  RUN   start     gap=5m
08-30 13:18:29  CAP   slot1     08-30 13:50 s05 トイ・ストーリー５ Toy  lead=32m occ=58%
08-30 13:18:33  CAP   done      対象 1 / 成功 1 / 失敗 0 / 12s
08-30 13:23:04  RUN   start     gap=5m
08-30 13:23:12  CAP   final     08-30 13:30 s07 平行と垂直 Heikou t lead=7m occ=74%
08-30 13:23:15  CAP   done      対象 1 / 成功 1 / 失敗 0 / 12s
08-30 13:28:09  RUN   start     gap=5m
08-30 13:28:18  CAP   final     08-30 13:35 s06 劇場版 魔法少女まどか☆マギ lead=7m occ=45%
08-30 13:28:23  CAP   done      対象 1 / 成功 1 / 失敗 0 / 14s
08-30 13:38:30  RUN   start     gap=10m
08-30 13:38:38  CAP   final     08-30 13:45 s02 映画ちいかわ 人魚の島のひみ lead=6m occ=60%
08-30 13:38:41  CAP   done      対象 1 / 成功 1 / 失敗 0 / 12s
08-30 13:43:13  RUN   start     gap=5m
08-30 13:43:22  CAP   final     08-30 13:50 s05 トイ・ストーリー５ Toy  lead=7m occ=61%
08-30 13:43:27  CAP   done      対象 1 / 成功 1 / 失敗 0 / 14s
08-30 14:03:17  RUN   start     gap=20m
08-30 14:03:25  CAP   slot1     08-30 14:35 s01 劇場版 魔法少女まどか☆マギ lead=32m occ=65%
08-30 14:03:30  CAP   done      対象 1 / 成功 1 / 失敗 0 / 12s
08-30 14:18:10  RUN   start     gap=15m
08-30 14:18:18  CAP   slot1     08-30 14:50 s04 スパイダーマン：ブランド・ニ lead=32m occ=100%
08-30 14:18:24  CAP   done      対象 1 / 成功 1 / 失敗 0 / 13s
08-30 14:28:25  RUN   start     gap=10m
08-30 14:28:34  CAP   final     08-30 14:35 s01 劇場版 魔法少女まどか☆マギ lead=6m occ=62%
08-30 14:28:38  CAP   done      対象 1 / 成功 1 / 失敗 0 / 13s
08-30 14:38:01  RUN   start     gap=10m
08-30 14:38:10  CAP   slot1     08-30 15:10 s03 映画ちいかわ 人魚の島のひみ lead=32m occ=57%
08-30 14:38:14  CAP   done      対象 1 / 成功 1 / 失敗 0 / 13s
08-30 14:43:24  RUN   start     gap=5m
08-30 14:43:32  CAP   final     08-30 14:50 s04 スパイダーマン：ブランド・ニ lead=6m occ=100%
08-30 14:43:37  CAP   done      対象 1 / 成功 1 / 失敗 0 / 13s
08-30 15:03:02  RUN   start     gap=20m
08-30 15:03:10  CAP   final     08-30 15:10 s03 映画ちいかわ 人魚の島のひみ lead=7m occ=63%
08-30 15:03:14  CAP   done      対象 1 / 成功 1 / 失敗 0 / 12s
08-30 15:23:11  RUN   start     gap=20m
08-30 15:23:19  CAP   slot1     08-30 15:55 s07 平行と垂直 Heikou t lead=32m occ=41%
08-30 15:23:23  CAP   done      対象 1 / 成功 1 / 失敗 0 / 12s
08-30 15:28:20  RUN   start     gap=5m
08-30 15:28:28  CAP   slot1     08-30 16:00 s02 Michael／マイケル M lead=32m occ=68%
08-30 15:28:37  CAP   slot1     08-30 16:00 s05 ミニオンズ＆モンスターズ M lead=31m occ=51%
08-30 15:28:40  CAP   done      対象 2 / 成功 2 / 失敗 0 / 20s
08-30 15:38:25  RUN   start     gap=10m
08-30 15:38:34  CAP   slot1     08-30 16:10 s06 劇場版 魔法少女まどか☆マギ lead=32m occ=33%
08-30 15:38:38  CAP   done      対象 1 / 成功 1 / 失敗 0 / 13s
08-30 15:48:09  RUN   start     gap=10m
08-30 15:48:19  CAP   final     08-30 15:55 s07 平行と垂直 Heikou t lead=7m occ=48%
08-30 15:48:22  CAP   done      対象 1 / 成功 1 / 失敗 0 / 13s
08-30 15:53:18  RUN   start     gap=5m
08-30 15:53:28  CAP   final     08-30 16:00 s02 Michael／マイケル M lead=7m occ=68%
08-30 15:53:35  CAP   final     08-30 16:00 s05 ミニオンズ＆モンスターズ M lead=6m occ=61%
08-30 15:53:39  CAP   done      対象 2 / 成功 2 / 失敗 0 / 21s
08-30 16:03:24  RUN   start     gap=10m
08-30 16:03:33  CAP   final     08-30 16:10 s06 劇場版 魔法少女まどか☆マギ lead=6m occ=38%
08-30 16:03:38  CAP   done      対象 1 / 成功 1 / 失敗 0 / 14s
08-30 16:38:06  RUN   start     gap=35m
08-30 16:38:15  CAP   slot1     08-30 17:10 s01 スパイダーマン：ブランド・ニ lead=32m occ=36%
08-30 16:38:19  CAP   done      対象 1 / 成功 1 / 失敗 0 / 14s
08-30 16:48:11  RUN   start     gap=10m
08-30 16:48:21  CAP   slot1     08-30 17:20 s03 劇場版 魔法少女まどか☆マギ lead=32m occ=19%
08-30 16:48:26  CAP   done      対象 1 / 成功 1 / 失敗 0 / 15s
08-30 17:03:11  RUN   start     gap=15m
08-30 17:03:20  CAP   final     08-30 17:10 s01 スパイダーマン：ブランド・ニ lead=7m occ=40%
08-30 17:03:24  CAP   done      対象 1 / 成功 1 / 失敗 0 / 13s
08-30 17:13:20  RUN   start     gap=10m
08-30 17:13:29  CAP   final     08-30 17:20 s03 劇場版 魔法少女まどか☆マギ lead=7m occ=25%
08-30 17:13:38  CAP   slot1     08-30 17:45 s04 映画『仮面ライダーゼッツ さ lead=31m occ=73%
08-30 17:13:42  CAP   done      対象 2 / 成功 2 / 失敗 0 / 22s
08-30 17:28:14  RUN   start     gap=15m
08-30 17:28:23  CAP   slot1     08-30 18:00 s05 25周年記念 『ハリー・ポッ lead=32m occ=57%
08-30 17:28:26  CAP   done      対象 1 / 成功 1 / 失敗 0 / 12s
08-30 17:38:28  RUN   start     gap=10m
08-30 17:38:36  CAP   final     08-30 17:45 s04 映画『仮面ライダーゼッツ さ lead=6m occ=75%
08-30 17:38:41  CAP   done      対象 1 / 成功 1 / 失敗 0 / 13s
08-30 17:48:28  RUN   start     gap=10m
08-30 17:48:37  CAP   slot1     08-30 18:20 s07 平行と垂直 Heikou t lead=32m occ=14%
08-30 17:48:41  CAP   done      対象 1 / 成功 1 / 失敗 0 / 14s
08-30 17:53:05  RUN   start     gap=5m
08-30 17:53:14  CAP   final     08-30 18:00 s05 25周年記念 『ハリー・ポッ lead=7m occ=54%
08-30 17:53:18  CAP   done      対象 1 / 成功 1 / 失敗 0 / 13s
08-30 18:13:02  RUN   start     gap=20m
08-30 18:13:11  CAP   final     08-30 18:20 s07 平行と垂直 Heikou t lead=7m occ=19%
08-30 18:13:20  CAP   slot1     08-30 18:45 s06 劇場版 魔法少女まどか☆マギ lead=32m occ=13%
08-30 18:13:24  CAP   done      対象 2 / 成功 2 / 失敗 0 / 22s
08-30 18:18:17  RUN   start     gap=5m
08-30 18:18:27  CAP   slot1     08-30 18:50 s02 映画ちいかわ 人魚の島のひみ lead=32m occ=32%
08-30 18:18:31  CAP   done      対象 1 / 成功 1 / 失敗 0 / 14s
08-30 18:28:13  RUN   start     gap=10m
08-30 18:28:22  CAP   slot1     08-30 19:00 s06 追加上映『髑髏城の七人 19 lead=32m occ=43%
08-30 18:28:26  CAP   done      対象 1 / 成功 1 / 失敗 0 / 13s
08-30 18:38:28  RUN   start     gap=10m
08-30 18:38:36  CAP   final     08-30 18:45 s06 劇場版 魔法少女まどか☆マギ lead=6m occ=18%
08-30 18:38:40  CAP   done      対象 1 / 成功 1 / 失敗 0 / 13s
08-30 18:43:12  RUN   start     gap=5m
08-30 18:43:21  CAP   final     08-30 18:50 s02 映画ちいかわ 人魚の島のひみ lead=7m occ=34%
08-30 18:43:24  CAP   done      対象 1 / 成功 1 / 失敗 0 / 13s
08-30 18:53:26  RUN   start     gap=10m
08-30 18:53:35  CAP   final     08-30 19:00 s06 追加上映『髑髏城の七人 19 lead=6m occ=44%
08-30 18:53:38  CAP   done      対象 1 / 成功 1 / 失敗 0 / 13s
08-30 19:18:10  RUN   start     gap=25m
08-30 19:18:18  CAP   slot1     08-30 19:50 s03 王様戦隊キングオージャー フ lead=32m occ=6%
08-30 19:18:27  CAP   slot1     08-30 19:50 s04 しらぬひ Shiranuhi lead=32m occ=6%
08-30 19:18:30  CAP   done      対象 2 / 成功 2 / 失敗 0 / 21s
08-30 19:43:23  RUN   start     gap=25m
08-30 19:43:31  CAP   final     08-30 19:50 s03 王様戦隊キングオージャー フ lead=6m occ=7%
08-30 19:43:40  CAP   final     08-30 19:50 s04 しらぬひ Shiranuhi lead=6m occ=13%
08-30 19:43:49  CAP   slot1     08-30 20:15 s01 25周年記念 『ハリー・ポッ lead=31m occ=16%
08-30 19:43:52  CAP   done      対象 3 / 成功 3 / 失敗 0 / 29s
08-30 20:08:22  RUN   start     gap=25m
08-30 20:08:30  CAP   final     08-30 20:15 s01 25周年記念 『ハリー・ポッ lead=7m occ=16%
08-30 20:08:34  CAP   done      対象 1 / 成功 1 / 失敗 0 / 12s
08-30 20:13:27  RUN   start     gap=5m
08-30 20:13:35  CAP   slot1     08-30 20:45 s07 平行と垂直 Heikou t lead=32m occ=5%
08-30 20:13:40  CAP   done      対象 1 / 成功 1 / 失敗 0 / 13s
08-30 20:23:02  RUN   start     gap=10m
08-30 20:23:10  CAP   slot1     08-30 20:55 s04 ブルーロック BLUE LO lead=32m occ=9%
08-30 20:23:15  CAP   done      対象 1 / 成功 1 / 失敗 0 / 13s
08-30 20:33:24  RUN   start     gap=10m
08-30 20:33:33  CAP   slot1     08-30 21:05 s02 映画ちいかわ 人魚の島のひみ lead=32m occ=6%
08-30 20:33:38  CAP   done      対象 1 / 成功 1 / 失敗 0 / 13s
08-30 20:38:30  RUN   start     gap=5m
08-30 20:38:39  CAP   final     08-30 20:45 s07 平行と垂直 Heikou t lead=6m occ=6%
08-30 20:38:43  CAP   done      対象 1 / 成功 1 / 失敗 0 / 13s
08-30 20:43:05  RUN   start     gap=5m
08-30 20:43:13  CAP   slot1     08-30 21:15 s05 オークストリートの異変 Th lead=32m occ=0%
08-30 20:43:18  CAP   done      対象 1 / 成功 1 / 失敗 0 / 14s
08-30 20:48:29  RUN   start     gap=5m
08-30 20:48:37  CAP   final     08-30 20:55 s04 ブルーロック BLUE LO lead=6m occ=14%
08-30 20:48:45  CAP   slot1     08-30 21:20 s06 劇場版 魔法少女まどか☆マギ lead=31m occ=11%
08-30 20:48:49  CAP   done      対象 2 / 成功 2 / 失敗 0 / 21s
08-30 20:58:06  RUN   start     gap=10m
08-30 20:58:16  CAP   final     08-30 21:05 s02 映画ちいかわ 人魚の島のひみ lead=7m occ=10%
08-30 20:58:20  CAP   done      対象 1 / 成功 1 / 失敗 0 / 14s
08-30 21:08:17  RUN   start     gap=10m
08-30 21:08:25  CAP   final     08-30 21:15 s05 オークストリートの異変 Th lead=7m occ=1%
08-30 21:08:30  CAP   done      対象 1 / 成功 1 / 失敗 0 / 13s
08-30 21:10:35  RUN   start     gap=2m
08-30 21:11:01  SYNC  light     3日 133件  予定記録 45 件   変更 44 件
08-30 21:11:01  SYNC  change    2026-08-30 +20260830-0830-s01-blue-lock-4f16c3
08-30 21:11:01  SYNC  change    2026-08-30 +20260830-0830-s03-minions-monsters-a63f70
08-30 21:11:01  SYNC  change    2026-08-30 +20260830-0830-s06-puella-magi-madoka-magica-walpurgisnacht-0fd537
08-30 21:11:01  SYNC  change    2026-08-30 +20260830-0835-s05-crayon-shin-chan-2026-07920d
08-30 21:11:01  SYNC  change    2026-08-30 +20260830-0840-s07-moana-3624e0
08-30 21:11:01  SYNC  change    2026-08-30 +20260830-0845-s02-kingdom-ae54ae
08-30 21:11:01  SYNC  change    2026-08-30 +20260830-0845-s04-spider-man-brand-new-day-0fdee1
08-30 21:11:01  SYNC  change    2026-08-30 +20260830-1030-s03-puella-magi-madoka-magica-walpurgisnacht-0fd537
08-30 21:11:08  CAP   final     08-30 21:15 s05 オークストリートの異変 Th lead=4m occ=1%
08-30 21:11:16  CAP   slot0     09-01 08:30 s01 ブルーロック BLUE LO lead=2119m occ=?   ⚠ 座席が 0 件
08-30 21:11:24  CAP   slot0     09-01 08:30 s03 ミニオンズ＆モンスターズ M lead=2119m occ=0%
08-30 21:11:32  CAP   slot0     09-01 08:30 s06 劇場版 魔法少女まどか☆マギ lead=2118m occ=2%
08-30 21:11:41  CAP   slot0     09-01 08:35 s05 映画クレヨンしんちゃん 奇々 lead=2123m occ=0%
08-30 21:11:50  CAP   slot0     09-01 08:40 s07 モアナと伝説の海 Moana lead=2128m occ=0%
08-30 21:11:58  CAP   slot0     09-01 08:45 s02 キングダム 魂の決戦 kin lead=2133m occ=1%
08-30 21:12:06  CAP   slot0     09-01 08:45 s04 スパイダーマン：ブランド・ニ lead=2133m occ=1%
08-30 21:12:13  CAP   slot0     09-01 10:30 s03 劇場版 魔法少女まどか☆マギ lead=2238m occ=5%
08-30 21:12:21  CAP   slot0     09-01 10:40 s05 しらぬひ Shiranuhi lead=2248m occ=0%
08-30 21:12:30  CAP   slot0     09-01 11:00 s06 劇場版 魔法少女まどか☆マギ lead=2268m occ=1%
08-30 21:12:38  CAP   slot0     09-01 11:05 s07 平行と垂直 Heikou t lead=2272m occ=10%
08-30 21:12:47  CAP   slot0     09-01 11:10 s01 25周年記念 『ハリー・ポッ lead=2277m occ=6%
08-30 21:12:56  CAP   slot0     09-01 11:30 s02 映画ちいかわ 人魚の島のひみ lead=2297m occ=0%
08-30 21:13:04  CAP   slot0     09-01 11:40 s04 王様戦隊キングオージャー フ lead=2307m occ=6%
08-30 21:13:11  CAP   slot0     09-01 11:40 s05 オークストリートの異変 Th lead=2307m occ=2%
08-30 21:13:15  CAP   満席        09-01 13:00 特別イベント上映『髑髏城の七
08-30 21:13:19  CAP   slot0     09-01 13:05 s03 [アンコール上映]山下達郎  lead=2392m occ=43%
08-30 21:13:27  CAP   slot0     09-01 13:05 s03 [公開記念舞台挨拶]SEKI lead=2392m occ=64%   ⚠ 座席数 189 ≠ 公称 207
08-30 21:13:36  CAP   slot0     09-01 13:30 s07 平行と垂直 Heikou t lead=2416m occ=2%
08-30 21:13:44  CAP   slot0     09-01 13:35 s06 劇場版 魔法少女まどか☆マギ lead=2421m occ=2%
08-30 21:13:53  CAP   slot0     09-01 13:45 s02 映画ちいかわ 人魚の島のひみ lead=2431m occ=3%
08-30 21:14:01  CAP   slot0     09-01 13:50 s05 トイ・ストーリー５ Toy  lead=2436m occ=0%
08-30 21:14:08  CAP   slot0     09-01 14:35 s01 劇場版 魔法少女まどか☆マギ lead=2481m occ=10%
08-30 21:14:18  CAP   slot0     09-01 14:50 s04 スパイダーマン：ブランド・ニ lead=2496m occ=0%
08-30 21:14:26  CAP   slot0     09-01 15:10 s03 映画ちいかわ 人魚の島のひみ lead=2516m occ=2%
08-30 21:14:34  CAP   slot0     09-01 15:55 s07 平行と垂直 Heikou t lead=2560m occ=1%
08-30 21:14:42  CAP   slot0     09-01 16:00 s02 Michael／マイケル M lead=2565m occ=1%
08-30 21:14:49  CAP   slot0     09-01 16:00 s05 ミニオンズ＆モンスターズ M lead=2565m occ=0%
08-30 21:14:57  CAP   slot0     09-01 16:10 s06 劇場版 魔法少女まどか☆マギ lead=2575m occ=2%
08-30 21:15:06  CAP   slot0     09-01 17:10 s01 スパイダーマン：ブランド・ニ lead=2635m occ=2%
08-30 21:15:13  CAP   slot0     09-01 17:20 s03 劇場版 魔法少女まどか☆マギ lead=2645m occ=4%
08-30 21:15:21  CAP   slot0     09-01 17:45 s04 映画『仮面ライダーゼッツ さ lead=2670m occ=1%
08-30 21:15:28  CAP   slot0     09-01 18:00 s05 25周年記念 『ハリー・ポッ lead=2685m occ=23%
08-30 21:15:37  CAP   slot0     09-01 18:20 s07 平行と垂直 Heikou t lead=2704m occ=6%
08-30 21:15:45  CAP   slot0     09-01 18:45 s06 劇場版 魔法少女まどか☆マギ lead=2729m occ=4%
08-30 21:15:53  CAP   slot0     09-01 18:50 s02 映画ちいかわ 人魚の島のひみ lead=2734m occ=0%
08-30 21:16:01  CAP   slot0     09-01 19:00 s06 追加上映『髑髏城の七人 19 lead=2744m occ=45%
08-30 21:16:09  CAP   slot0     09-01 19:50 s03 王様戦隊キングオージャー フ lead=2794m occ=0%
08-30 21:16:17  CAP   slot0     09-01 19:50 s04 しらぬひ Shiranuhi lead=2794m occ=0%
08-30 21:16:26  CAP   slot0     09-01 20:15 s01 25周年記念 『ハリー・ポッ lead=2819m occ=7%
08-30 21:16:35  CAP   slot0     09-01 20:45 s07 平行と垂直 Heikou t lead=2848m occ=0%
08-30 21:16:43  CAP   slot0     09-01 20:55 s04 ブルーロック BLUE LO lead=2858m occ=4%
08-30 21:16:51  CAP   slot0     09-01 21:05 s02 映画ちいかわ 人魚の島のひみ lead=2868m occ=5%
08-30 21:16:59  CAP   slot0     09-01 21:15 s05 オークストリートの異変 Th lead=2878m occ=0%
08-30 21:17:08  CAP   slot0     09-01 21:20 s06 劇場版 魔法少女まどか☆マギ lead=2883m occ=3%
08-30 21:17:11  MISS  43        08-30 14:35 08-30 08:30 08-30 10:30 08-30 11:00 08-30 13:35 08-30 16:10 08-30 17:20 08-30 18:45
08-30 21:17:11  CAP   sweep     対象 46 / 成功 46 / 失敗 0 / 371s
08-30 22:05:05  RUN   start     gap=54m
08-30 22:05:37  SYNC  skip      2026-09-01 内容が切り替わらない
08-30 22:05:45  SYNC  light     3日 132件  予定記録 44 件   変更 1 件
08-30 22:05:45  SYNC  change    2026-08-30 +20260830-2115-s05-the-end-of-oak-street-964311
08-30 22:05:49  CAP   no-page   09-02 08:30 ブルーロック BLUE LO  予約リンク無し
08-30 22:05:53  CAP   no-page   09-02 08:30 ミニオンズ＆モンスターズ M  予約リンク無し
08-30 22:05:57  CAP   no-page   09-02 08:30 劇場版 魔法少女まどか☆マギ  予約リンク無し
08-30 22:06:01  CAP   no-page   09-02 08:35 映画クレヨンしんちゃん 奇々  予約リンク無し
08-30 22:06:05  CAP   no-page   09-02 08:40 モアナと伝説の海 Moana  予約リンク無し
08-30 22:06:09  CAP   no-page   09-02 08:45 キングダム 魂の決戦 kin  予約リンク無し
08-30 22:06:14  CAP   no-page   09-02 08:45 スパイダーマン：ブランド・ニ  予約リンク無し
08-30 22:06:18  CAP   no-page   09-02 10:40 [アンコール上映]山下達郎   予約リンク無し
08-30 22:06:22  CAP   no-page   09-02 10:40 しらぬひ Shiranuhi  予約リンク無し
08-30 22:06:26  CAP   no-page   09-02 11:00 劇場版 魔法少女まどか☆マギ  予約リンク無し
08-30 22:06:30  CAP   no-page   09-02 11:05 平行と垂直 Heikou t  予約リンク無し
08-30 22:06:34  CAP   no-page   09-02 11:10 25周年記念 『ハリー・ポッ  予約リンク無し
08-30 22:06:38  CAP   no-page   09-02 11:30 映画ちいかわ 人魚の島のひみ  予約リンク無し
08-30 22:06:43  CAP   no-page   09-02 11:40 王様戦隊キングオージャー フ  予約リンク無し
08-30 22:06:47  CAP   no-page   09-02 11:40 オークストリートの異変 Th  予約リンク無し
08-30 22:06:52  CAP   満席        09-02 13:00 特別イベント上映『髑髏城の七
08-30 22:06:57  CAP   slot0     09-02 13:05 s03 [公開記念舞台挨拶]SEKI lead=3778m occ=64%   ⚠ 座席数 189 ≠ 公称 207
08-30 22:07:01  CAP   no-page   09-02 13:10 [アンコール上映]山下達郎   予約リンク無し
08-30 22:07:04  CAP   no-page   09-02 13:30 平行と垂直 Heikou t  予約リンク無し
08-30 22:07:08  CAP   no-page   09-02 13:35 劇場版 魔法少女まどか☆マギ  予約リンク無し
08-30 22:07:12  CAP   no-page   09-02 13:45 映画ちいかわ 人魚の島のひみ  予約リンク無し
08-30 22:07:16  CAP   no-page   09-02 13:50 トイ・ストーリー５ Toy   予約リンク無し
08-30 22:07:21  CAP   no-page   09-02 14:35 劇場版 魔法少女まどか☆マギ  予約リンク無し
08-30 22:07:26  CAP   no-page   09-02 14:50 スパイダーマン：ブランド・ニ  予約リンク無し
08-30 22:07:31  CAP   no-page   09-02 15:15 映画ちいかわ 人魚の島のひみ  予約リンク無し
08-30 22:07:34  CAP   no-page   09-02 15:55 平行と垂直 Heikou t  予約リンク無し
08-30 22:07:38  CAP   no-page   09-02 16:00 Michael／マイケル M  予約リンク無し
08-30 22:07:43  CAP   no-page   09-02 16:00 ミニオンズ＆モンスターズ M  予約リンク無し
08-30 22:07:47  CAP   no-page   09-02 16:10 劇場版 魔法少女まどか☆マギ  予約リンク無し
08-30 22:07:51  CAP   no-page   09-02 17:10 スパイダーマン：ブランド・ニ  予約リンク無し
08-30 22:07:55  CAP   no-page   09-02 17:25 王様戦隊キングオージャー フ  予約リンク無し
08-30 22:08:00  CAP   no-page   09-02 17:45 映画『仮面ライダーゼッツ さ  予約リンク無し
08-30 22:08:03  CAP   no-page   09-02 18:00 25周年記念 『ハリー・ポッ  予約リンク無し
08-30 22:08:08  CAP   no-page   09-02 18:20 平行と垂直 Heikou t  予約リンク無し
08-30 22:08:11  CAP   no-page   09-02 18:45 劇場版 魔法少女まどか☆マギ  予約リンク無し
08-30 22:08:15  CAP   no-page   09-02 18:50 映画ちいかわ 人魚の島のひみ  予約リンク無し
08-30 22:08:24  CAP   slot0     09-02 19:00 s06 追加上映『髑髏城の七人 19 lead=4132m occ=45%
08-30 22:08:28  CAP   no-page   09-02 19:50 しらぬひ Shiranuhi  予約リンク無し
08-30 22:08:32  CAP   no-page   09-02 20:15 25周年記念 『ハリー・ポッ  予約リンク無し
08-30 22:08:37  CAP   no-page   09-02 20:35 映画ちいかわ 人魚の島のひみ  予約リンク無し
08-30 22:08:41  CAP   no-page   09-02 20:55 ブルーロック BLUE LO  予約リンク無し
08-30 22:08:45  CAP   no-page   09-02 21:05 平行と垂直 Heikou t  予約リンク無し
08-30 22:08:49  CAP   no-page   09-02 21:15 オークストリートの異変 Th  予約リンク無し
08-30 22:08:52  CAP   no-page   09-02 21:20 劇場版 魔法少女まどか☆マギ  予約リンク無し
08-30 22:08:57  MISS  1         08-30 21:15
08-30 22:08:57  CAP   sweep     対象 44 / 成功 3 / 失敗 41 / 192s
08-30 22:25:11  RUN   start     gap=20m
08-30 22:25:35  SYNC  light     3日 133件  予定記録 0 件   変更 1 件
08-30 22:25:35  SYNC  change    2026-08-30 +20260830-2120-s06-puella-magi-madoka-magica-walpurgisnacht-0fd537
08-30 22:25:39  CAP   no-page   09-02 08:30 ブルーロック BLUE LO  予約リンク無し
08-30 22:25:44  CAP   no-page   09-02 08:30 ミニオンズ＆モンスターズ M  予約リンク無し
08-30 22:25:47  CAP   no-page   09-02 08:30 劇場版 魔法少女まどか☆マギ  予約リンク無し
08-30 22:25:50  CAP   no-page   09-02 08:35 映画クレヨンしんちゃん 奇々  予約リンク無し
08-30 22:25:54  CAP   no-page   09-02 08:40 モアナと伝説の海 Moana  予約リンク無し
08-30 22:25:57  CAP   no-page   09-02 08:45 キングダム 魂の決戦 kin  予約リンク無し
08-30 22:26:02  CAP   no-page   09-02 08:45 スパイダーマン：ブランド・ニ  予約リンク無し
08-30 22:26:05  CAP   no-page   09-02 10:40 [アンコール上映]山下達郎   予約リンク無し
08-30 22:26:08  CAP   no-page   09-02 10:40 しらぬひ Shiranuhi  予約リンク無し
08-30 22:26:13  CAP   no-page   09-02 11:00 劇場版 魔法少女まどか☆マギ  予約リンク無し
08-30 22:26:17  CAP   no-page   09-02 11:05 平行と垂直 Heikou t  予約リンク無し
08-30 22:26:20  CAP   no-page   09-02 11:10 25周年記念 『ハリー・ポッ  予約リンク無し
08-30 22:26:24  CAP   no-page   09-02 11:30 映画ちいかわ 人魚の島のひみ  予約リンク無し
08-30 22:26:28  CAP   no-page   09-02 11:40 王様戦隊キングオージャー フ  予約リンク無し
08-30 22:26:33  CAP   no-page   09-02 11:40 オークストリートの異変 Th  予約リンク無し
08-30 22:26:36  CAP   no-page   09-02 13:10 [アンコール上映]山下達郎   予約リンク無し
08-30 22:26:40  CAP   no-page   09-02 13:30 平行と垂直 Heikou t  予約リンク無し
08-30 22:26:44  CAP   no-page   09-02 13:35 劇場版 魔法少女まどか☆マギ  予約リンク無し
08-30 22:26:48  CAP   no-page   09-02 13:45 映画ちいかわ 人魚の島のひみ  予約リンク無し
08-30 22:26:52  CAP   no-page   09-02 13:50 トイ・ストーリー５ Toy   予約リンク無し
08-30 22:26:56  CAP   no-page   09-02 14:35 劇場版 魔法少女まどか☆マギ  予約リンク無し
08-30 22:27:00  CAP   no-page   09-02 14:50 スパイダーマン：ブランド・ニ  予約リンク無し
08-30 22:27:03  CAP   no-page   09-02 15:15 映画ちいかわ 人魚の島のひみ  予約リンク無し
08-30 22:27:07  CAP   no-page   09-02 15:55 平行と垂直 Heikou t  予約リンク無し
08-30 22:27:11  CAP   no-page   09-02 16:00 Michael／マイケル M  予約リンク無し
08-30 22:27:15  CAP   no-page   09-02 16:00 ミニオンズ＆モンスターズ M  予約リンク無し
08-30 22:27:18  CAP   no-page   09-02 16:10 劇場版 魔法少女まどか☆マギ  予約リンク無し
08-30 22:27:21  CAP   no-page   09-02 17:10 スパイダーマン：ブランド・ニ  予約リンク無し
08-30 22:27:25  CAP   no-page   09-02 17:25 王様戦隊キングオージャー フ  予約リンク無し
08-30 22:27:30  CAP   no-page   09-02 17:45 映画『仮面ライダーゼッツ さ  予約リンク無し
08-30 22:27:35  CAP   no-page   09-02 18:00 25周年記念 『ハリー・ポッ  予約リンク無し
08-30 22:27:39  CAP   no-page   09-02 18:20 平行と垂直 Heikou t  予約リンク無し
08-30 22:27:42  CAP   no-page   09-02 18:45 劇場版 魔法少女まどか☆マギ  予約リンク無し
08-30 22:27:46  CAP   no-page   09-02 18:50 映画ちいかわ 人魚の島のひみ  予約リンク無し
08-30 22:27:50  CAP   no-page   09-02 19:50 しらぬひ Shiranuhi  予約リンク無し
08-30 22:27:55  CAP   no-page   09-02 20:15 25周年記念 『ハリー・ポッ  予約リンク無し
08-30 22:28:00  CAP   no-page   09-02 20:35 映画ちいかわ 人魚の島のひみ  予約リンク無し
08-30 22:28:03  CAP   no-page   09-02 20:55 ブルーロック BLUE LO  予約リンク無し
08-30 22:28:07  CAP   no-page   09-02 21:05 平行と垂直 Heikou t  予約リンク無し
08-30 22:28:11  CAP   no-page   09-02 21:15 オークストリートの異変 Th  予約リンク無し
08-30 22:28:16  CAP   no-page   09-02 21:20 劇場版 魔法少女まどか☆マギ  予約リンク無し
08-30 22:28:20  MISS  1         08-30 21:20
08-30 22:28:20  CAP   sweep     対象 41 / 成功 0 / 失敗 41 / 165s
08-31 02:23:13  RUN   start     gap=3h21m   ← 前回から大きく空いた
08-31 02:23:31  SYNC  light     2日 88件  予定記録 0 件
08-31 02:23:31  CAP   idle      対象なし
08-31 12:36:58  RUN   start     gap=10h13m   ← 前回から大きく空いた
08-31 12:37:04  CAP   満席        08-31 13:00 特別イベント上映『髑髏城の七
08-31 12:37:04  CAP   満席        08-31 13:00 特別イベント上映『髑髏城の七
08-31 12:37:09  CAP   slot1     08-31 13:05 s03 [公開記念舞台挨拶]SEKI lead=28m occ=70%   ⚠ 座席数 189 ≠ 公称 207
08-31 12:37:14  CAP   done      対象 3 / 成功 3 / 失敗 0 / 16s
08-31 12:53:24  RUN   start     gap=16m
08-31 12:53:28  CAP   満席        08-31 13:00 特別イベント上映『髑髏城の七
08-31 12:53:28  CAP   満席        08-31 13:00 特別イベント上映『髑髏城の七
08-31 12:53:28  CAP   done      対象 2 / 成功 2 / 失敗 0 / 4s
08-31 12:58:01  RUN   start     gap=5m
08-31 12:58:10  CAP   final     08-31 13:05 s03 [公開記念舞台挨拶]SEKI lead=7m occ=70%   ⚠ 座席数 189 ≠ 公称 207
08-31 12:58:18  CAP   slot1     08-31 13:30 s07 平行と垂直 Heikou t lead=32m occ=16%
08-31 12:58:23  CAP   done      対象 2 / 成功 2 / 失敗 0 / 22s
08-31 13:03:16  RUN   start     gap=5m
08-31 13:03:25  CAP   slot1     08-31 13:35 s03 劇場版 魔法少女まどか☆マギ lead=32m occ=21%
08-31 13:03:29  CAP   done      対象 1 / 成功 1 / 失敗 0 / 13s
08-31 13:13:09  RUN   start     gap=10m
08-31 13:13:18  CAP   slot1     08-31 13:45 s02 映画ちいかわ 人魚の島のひみ lead=32m occ=14%
08-31 13:13:23  CAP   done      対象 1 / 成功 1 / 失敗 0 / 14s
08-31 13:18:24  RUN   start     gap=5m
08-31 13:18:33  CAP   slot1     08-31 13:50 s05 トイ・ストーリー５ Toy  lead=32m occ=3%
08-31 13:18:37  CAP   done      対象 1 / 成功 1 / 失敗 0 / 13s
08-31 13:23:08  RUN   start     gap=5m
08-31 13:23:17  CAP   final     08-31 13:30 s07 平行と垂直 Heikou t lead=7m occ=32%
08-31 13:23:21  CAP   done      対象 1 / 成功 1 / 失敗 0 / 13s
08-31 13:28:14  RUN   start     gap=5m
08-31 13:28:22  CAP   final     08-31 13:35 s03 劇場版 魔法少女まどか☆マギ lead=7m occ=26%
08-31 13:28:26  CAP   done      対象 1 / 成功 1 / 失敗 0 / 12s
08-31 13:38:12  RUN   start     gap=10m
08-31 13:38:21  CAP   final     08-31 13:45 s02 映画ちいかわ 人魚の島のひみ lead=7m occ=16%
08-31 13:38:25  CAP   done      対象 1 / 成功 1 / 失敗 0 / 13s
08-31 13:43:26  RUN   start     gap=5m
08-31 13:43:35  CAP   final     08-31 13:50 s05 トイ・ストーリー５ Toy  lead=6m occ=3%
08-31 13:43:39  CAP   done      対象 1 / 成功 1 / 失敗 0 / 12s
08-31 14:03:27  RUN   start     gap=20m
08-31 14:03:36  CAP   slot1     08-31 14:35 s01 劇場版 魔法少女まどか☆マギ lead=32m occ=27%
08-31 14:03:41  CAP   done      対象 1 / 成功 1 / 失敗 0 / 14s
08-31 14:18:25  RUN   start     gap=15m
08-31 14:18:34  CAP   slot1     08-31 14:50 s04 スパイダーマン：ブランド・ニ lead=32m occ=24%
08-31 14:18:38  CAP   done      対象 1 / 成功 1 / 失敗 0 / 13s
08-31 14:28:10  RUN   start     gap=10m
08-31 14:28:18  CAP   final     08-31 14:35 s01 劇場版 魔法少女まどか☆マギ lead=7m occ=28%
08-31 14:28:23  CAP   done      対象 1 / 成功 1 / 失敗 0 / 13s
08-31 14:43:17  RUN   start     gap=15m
08-31 14:43:26  CAP   final     08-31 14:50 s04 スパイダーマン：ブランド・ニ lead=7m occ=28%
08-31 14:43:30  CAP   done      対象 1 / 成功 1 / 失敗 0 / 13s
08-31 15:23:08  RUN   start     gap=40m
08-31 15:23:18  CAP   slot1     08-31 15:55 s07 平行と垂直 Heikou t lead=32m occ=9%
08-31 15:23:22  CAP   done      対象 1 / 成功 1 / 失敗 0 / 14s
08-31 15:28:24  RUN   start     gap=5m
08-31 15:28:32  CAP   slot1     08-31 16:00 s02 Michael／マイケル M lead=32m occ=21%
08-31 15:28:40  CAP   slot1     08-31 16:00 s05 ミニオンズ＆モンスターズ M lead=31m occ=6%
08-31 15:28:45  CAP   done      対象 2 / 成功 2 / 失敗 0 / 21s
08-31 15:38:08  RUN   start     gap=10m
08-31 15:38:17  CAP   slot1     08-31 16:10 s03 劇場版 魔法少女まどか☆マギ lead=32m occ=15%
08-31 15:38:21  CAP   done      対象 1 / 成功 1 / 失敗 0 / 13s
08-31 15:48:08  RUN   start     gap=10m
08-31 15:48:17  CAP   final     08-31 15:55 s07 平行と垂直 Heikou t lead=7m occ=12%
08-31 15:48:21  CAP   done      対象 1 / 成功 1 / 失敗 0 / 13s
08-31 15:53:22  RUN   start     gap=5m
08-31 15:53:30  CAP   final     08-31 16:00 s02 Michael／マイケル M lead=7m occ=26%
08-31 15:53:38  CAP   final     08-31 16:00 s05 ミニオンズ＆モンスターズ M lead=6m occ=11%
08-31 15:53:41  CAP   done      対象 2 / 成功 2 / 失敗 0 / 20s
08-31 16:03:12  RUN   start     gap=10m
08-31 16:03:21  CAP   final     08-31 16:10 s03 劇場版 魔法少女まどか☆マギ lead=7m occ=23%
08-31 16:03:25  CAP   done      対象 1 / 成功 1 / 失敗 0 / 13s
08-31 16:38:10  RUN   start     gap=35m
08-31 16:38:18  CAP   slot1     08-31 17:10 s01 スパイダーマン：ブランド・ニ lead=32m occ=8%
08-31 16:38:22  CAP   done      対象 1 / 成功 1 / 失敗 0 / 12s
08-31 16:43:17  RUN   start     gap=5m
08-31 16:43:26  CAP   slot1     08-31 17:15 s06 [アンコール上映]山下達郎  lead=32m occ=56%
08-31 16:43:30  CAP   done      対象 1 / 成功 1 / 失敗 0 / 13s
08-31 17:03:23  RUN   start     gap=20m
08-31 17:03:33  CAP   final     08-31 17:10 s01 スパイダーマン：ブランド・ニ lead=6m occ=10%
08-31 17:03:37  CAP   done      対象 1 / 成功 1 / 失敗 0 / 13s
08-31 17:08:00  RUN   start     gap=5m
08-31 17:08:09  CAP   final     08-31 17:15 s06 [アンコール上映]山下達郎  lead=7m occ=57%
08-31 17:08:14  CAP   done      対象 1 / 成功 1 / 失敗 0 / 14s
08-31 17:13:08  RUN   start     gap=5m
08-31 17:13:17  CAP   slot1     08-31 17:45 s04 映画『仮面ライダーゼッツ さ lead=32m occ=26%
08-31 17:13:20  CAP   done      対象 1 / 成功 1 / 失敗 0 / 12s
08-31 17:28:22  RUN   start     gap=15m
08-31 17:28:30  CAP   slot1     08-31 18:00 s05 25周年記念 『ハリー・ポッ lead=32m occ=34%
08-31 17:28:34  CAP   done      対象 1 / 成功 1 / 失敗 0 / 12s
08-31 17:38:20  RUN   start     gap=10m
08-31 17:38:29  CAP   final     08-31 17:45 s04 映画『仮面ライダーゼッツ さ lead=7m occ=28%
08-31 17:38:34  CAP   done      対象 1 / 成功 1 / 失敗 0 / 14s
08-31 17:48:27  RUN   start     gap=10m
08-31 17:48:35  CAP   slot1     08-31 18:20 s07 平行と垂直 Heikou t lead=32m occ=7%
08-31 17:48:39  CAP   done      対象 1 / 成功 1 / 失敗 0 / 12s
08-31 17:53:10  RUN   start     gap=5m
08-31 17:53:19  CAP   final     08-31 18:00 s05 25周年記念 『ハリー・ポッ lead=7m occ=38%
08-31 17:53:22  CAP   done      対象 1 / 成功 1 / 失敗 0 / 12s
08-31 18:13:21  RUN   start     gap=20m
08-31 18:13:30  CAP   final     08-31 18:20 s07 平行と垂直 Heikou t lead=7m occ=12%
08-31 18:13:39  CAP   slot1     08-31 18:45 s03 劇場版 魔法少女まどか☆マギ lead=31m occ=33%
08-31 18:13:42  CAP   done      対象 2 / 成功 2 / 失敗 0 / 22s
08-31 18:18:14  RUN   start     gap=5m
08-31 18:18:22  CAP   slot1     08-31 18:50 s02 映画ちいかわ 人魚の島のひみ lead=32m occ=6%
08-31 18:18:27  CAP   done      対象 1 / 成功 1 / 失敗 0 / 14s
08-31 18:28:22  RUN   start     gap=10m
08-31 18:28:30  CAP   slot1     08-31 19:00 s06 追加上映『髑髏城の七人 19 lead=32m occ=50%   ⚠ 座席数 328 ≠ 公称 330
08-31 18:28:34  CAP   done      対象 1 / 成功 1 / 失敗 0 / 12s
08-31 18:38:16  RUN   start     gap=10m
08-31 18:38:25  CAP   final     08-31 18:45 s03 劇場版 魔法少女まどか☆マギ lead=7m occ=41%
08-31 18:38:29  CAP   done      対象 1 / 成功 1 / 失敗 0 / 13s
08-31 18:43:00  RUN   start     gap=5m
08-31 18:43:10  CAP   final     08-31 18:50 s02 映画ちいかわ 人魚の島のひみ lead=7m occ=6%
08-31 18:43:15  CAP   done      対象 1 / 成功 1 / 失敗 0 / 15s
08-31 18:53:13  RUN   start     gap=10m
08-31 18:53:23  CAP   final     08-31 19:00 s06 追加上映『髑髏城の七人 19 lead=7m occ=50%   ⚠ 座席数 328 ≠ 公称 330
08-31 18:53:31  CAP   slot1     08-31 19:25 s06 王様戦隊キングオージャー フ lead=32m occ=2%
08-31 18:53:36  CAP   done      対象 2 / 成功 2 / 失敗 0 / 23s
08-31 19:18:10  RUN   start     gap=25m
08-31 19:18:19  CAP   final     08-31 19:25 s06 王様戦隊キングオージャー フ lead=7m occ=2%
08-31 19:18:27  CAP   slot1     08-31 19:50 s04 しらぬひ Shiranuhi lead=32m occ=5%
08-31 19:18:31  CAP   done      対象 2 / 成功 2 / 失敗 0 / 21s
08-31 19:43:18  RUN   start     gap=25m
08-31 19:43:27  CAP   final     08-31 19:50 s04 しらぬひ Shiranuhi lead=7m occ=6%
08-31 19:43:35  CAP   slot1     08-31 20:15 s01 25周年記念 『ハリー・ポッ lead=32m occ=12%
08-31 19:43:39  CAP   done      対象 2 / 成功 2 / 失敗 0 / 21s
08-31 20:08:18  RUN   start     gap=25m
08-31 20:08:32  CAP   final     08-31 20:15 s01 25周年記念 『ハリー・ポッ lead=6m occ=14%
08-31 20:08:36  CAP   done      対象 1 / 成功 1 / 失敗 0 / 18s
08-31 20:13:16  RUN   start     gap=5m
08-31 20:13:25  CAP   slot1     08-31 20:45 s07 平行と垂直 Heikou t lead=32m occ=4%
08-31 20:13:28  CAP   done      対象 1 / 成功 1 / 失敗 0 / 12s
09-01 14:52:41  RUN   start     gap=18h39m   ← 前回から大きく空いた
09-01 14:52:57  CAP   final     09-01 14:50 s04 スパイダーマン：ブランド・ニ lead=-3m occ=18%
09-01 14:53:05  CAP   slot1     09-01 15:10 s03 映画ちいかわ 人魚の島のひみ lead=17m occ=9%
09-01 14:53:11  CAP   done      対象 2 / 成功 2 / 失敗 0 / 30s
09-01 14:55:35  RUN   start     gap=3m
09-01 14:56:03  SYNC  light     3日 133件  予定記録 87 件   変更 24 件
09-01 14:56:03  SYNC  change    2026-09-01 +20260901-0830-s01-blue-lock-4f16c3
09-01 14:56:03  SYNC  change    2026-09-01 +20260901-0830-s03-minions-monsters-a63f70
09-01 14:56:03  SYNC  change    2026-09-01 +20260901-0830-s06-puella-magi-madoka-magica-walpurgisnacht-0fd537
09-01 14:56:03  SYNC  change    2026-09-01 +20260901-0835-s05-crayon-shin-chan-2026-07920d
09-01 14:56:03  SYNC  change    2026-09-01 +20260901-0840-s07-moana-3624e0
09-01 14:56:03  SYNC  change    2026-09-01 +20260901-0845-s02-kingdom-ae54ae
09-01 14:56:03  SYNC  change    2026-09-01 +20260901-0845-s04-spider-man-brand-new-day-0fdee1
09-01 14:56:03  SYNC  change    2026-09-01 +20260901-1030-s03-puella-magi-madoka-magica-walpurgisnacht-0fd537
09-01 14:56:03  CAP   day-skip  09-03 販売対象外 8/46 件
09-01 14:56:12  CAP   slot0     09-02 08:30 s01 ブルーロック BLUE LO lead=1054m occ=0%   ⚠ 座席数 375 ≠ 公称 376
09-01 14:56:20  CAP   slot0     09-02 08:30 s03 ミニオンズ＆モンスターズ M lead=1054m occ=0%
09-01 14:56:29  CAP   slot0     09-02 08:30 s06 劇場版 魔法少女まどか☆マギ lead=1054m occ=2%
09-01 14:56:38  CAP   slot0     09-02 08:35 s05 映画クレヨンしんちゃん 奇々 lead=1058m occ=0%
09-01 14:56:47  CAP   slot0     09-02 08:40 s07 モアナと伝説の海 Moana lead=1063m occ=0%
09-01 14:56:56  CAP   slot0     09-02 08:45 s02 キングダム 魂の決戦 kin lead=1068m occ=0%
09-01 14:57:04  CAP   slot0     09-02 08:45 s04 スパイダーマン：ブランド・ニ lead=1068m occ=3%
09-01 14:57:12  CAP   slot0     09-02 10:40 s03 [アンコール上映]山下達郎  lead=1183m occ=48%
09-01 14:57:20  CAP   slot0     09-02 10:40 s05 しらぬひ Shiranuhi lead=1183m occ=0%
09-01 14:57:28  CAP   slot0     09-02 11:00 s06 劇場版 魔法少女まどか☆マギ lead=1203m occ=2%
09-01 14:57:36  CAP   slot0     09-02 11:05 s07 平行と垂直 Heikou t lead=1208m occ=11%
09-01 14:57:44  CAP   slot0     09-02 11:10 s01 25周年記念 『ハリー・ポッ lead=1212m occ=10%   ⚠ 座席数 375 ≠ 公称 376
09-01 14:57:51  CAP   slot0     09-02 11:30 s02 映画ちいかわ 人魚の島のひみ lead=1232m occ=1%
09-01 14:58:00  CAP   slot0     09-02 11:40 s04 王様戦隊キングオージャー フ lead=1242m occ=11%
09-01 14:58:08  CAP   slot0     09-02 11:40 s05 オークストリートの異変 Th lead=1242m occ=0%
09-01 14:58:16  CAP   slot0     09-02 13:10 s03 [アンコール上映]山下達郎  lead=1332m occ=42%
09-01 14:58:25  CAP   slot0     09-02 13:30 s07 平行と垂直 Heikou t lead=1352m occ=18%
09-01 14:58:34  CAP   slot0     09-02 13:35 s06 劇場版 魔法少女まどか☆マギ lead=1356m occ=3%
09-01 14:58:43  CAP   slot0     09-02 13:45 s02 映画ちいかわ 人魚の島のひみ lead=1366m occ=1%
09-01 14:58:52  CAP   slot0     09-02 13:50 s05 トイ・ストーリー５ Toy  lead=1371m occ=3%
09-01 14:59:01  CAP   slot0     09-02 14:35 s01 劇場版 魔法少女まどか☆マギ lead=1416m occ=10%   ⚠ 座席数 375 ≠ 公称 376
09-01 14:59:10  CAP   slot0     09-02 14:50 s04 スパイダーマン：ブランド・ニ lead=1431m occ=2%
09-01 14:59:18  CAP   slot0     09-02 15:15 s03 映画ちいかわ 人魚の島のひみ lead=1456m occ=2%
09-01 14:59:25  CAP   slot0     09-02 15:55 s07 平行と垂直 Heikou t lead=1496m occ=2%
09-01 14:59:34  CAP   slot0     09-02 16:00 s02 Michael／マイケル M lead=1500m occ=5%
09-01 14:59:42  CAP   slot0     09-02 16:00 s05 ミニオンズ＆モンスターズ M lead=1500m occ=2%
09-01 14:59:51  CAP   slot0     09-02 16:10 s06 劇場版 魔法少女まどか☆マギ lead=1510m occ=1%
09-01 14:59:59  CAP   slot0     09-02 17:10 s01 スパイダーマン：ブランド・ニ lead=1570m occ=4%   ⚠ 座席数 375 ≠ 公称 376
09-01 15:00:06  CAP   slot0     09-02 17:25 s03 王様戦隊キングオージャー フ lead=1585m occ=1%
09-01 15:00:14  CAP   slot0     09-02 17:45 s04 映画『仮面ライダーゼッツ さ lead=1605m occ=1%
09-01 15:00:22  CAP   slot0     09-02 18:00 s05 25周年記念 『ハリー・ポッ lead=1620m occ=17%
09-01 15:00:30  CAP   slot0     09-02 18:20 s07 平行と垂直 Heikou t lead=1640m occ=6%
09-01 15:00:39  CAP   slot0     09-02 18:45 s06 劇場版 魔法少女まどか☆マギ lead=1664m occ=5%
09-01 15:00:47  CAP   slot0     09-02 18:50 s02 映画ちいかわ 人魚の島のひみ lead=1669m occ=3%
09-01 15:00:55  CAP   slot0     09-02 19:50 s04 しらぬひ Shiranuhi lead=1729m occ=0%
09-01 15:01:04  CAP   slot0     09-02 20:15 s01 25周年記念 『ハリー・ポッ lead=1754m occ=11%   ⚠ 座席数 375 ≠ 公称 376
09-01 15:01:12  CAP   slot0     09-02 20:35 s03 映画ちいかわ 人魚の島のひみ lead=1774m occ=4%
09-01 15:01:20  CAP   slot0     09-02 20:55 s04 ブルーロック BLUE LO lead=1794m occ=6%
09-01 15:01:27  CAP   slot0     09-02 21:05 s02 平行と垂直 Heikou t lead=1804m occ=3%
09-01 15:01:36  CAP   slot0     09-02 21:15 s05 オークストリートの異変 Th lead=1814m occ=2%
09-01 15:01:44  CAP   slot0     09-02 21:20 s06 劇場版 魔法少女まどか☆マギ lead=1818m occ=2%
09-01 15:01:48  MISS  23        09-01 14:35 09-01 08:30 09-01 10:30 09-01 11:00 09-01 13:35 09-01 11:05 09-01 13:30 09-01 11:40
09-01 15:01:48  CAP   sweep     対象 41 / 成功 41 / 失敗 0 / 345s
09-01 15:28:14  RUN   start     gap=33m
09-01 15:28:14  CAP   day-skip  09-03 販売対象外 8/46 件
09-01 15:28:23  CAP   slot1     09-01 15:55 s07 平行と垂直 Heikou t lead=27m occ=16%
09-01 15:28:32  CAP   slot1     09-01 16:00 s02 Michael／マイケル M lead=32m occ=10%
09-01 15:28:39  CAP   slot1     09-01 16:00 s05 ミニオンズ＆モンスターズ M lead=31m occ=5%
09-01 15:28:44  CAP   done      対象 3 / 成功 3 / 失敗 0 / 30s
09-01 15:38:18  RUN   start     gap=10m
09-01 15:38:18  CAP   day-skip  09-03 販売対象外 8/46 件
09-01 15:38:27  CAP   slot1     09-01 16:10 s06 劇場版 魔法少女まどか☆マギ lead=32m occ=11%
09-01 15:38:32  CAP   done      対象 1 / 成功 1 / 失敗 0 / 14s
09-01 15:48:18  RUN   start     gap=10m
09-01 15:48:18  CAP   day-skip  09-03 販売対象外 8/46 件
09-01 15:48:26  CAP   final     09-01 15:55 s07 平行と垂直 Heikou t lead=7m occ=18%
09-01 15:48:30  CAP   done      対象 1 / 成功 1 / 失敗 0 / 12s
09-01 15:53:01  RUN   start     gap=5m
09-01 15:53:01  CAP   day-skip  09-03 販売対象外 8/46 件
09-01 15:53:10  CAP   final     09-01 16:00 s02 Michael／マイケル M lead=7m occ=14%
09-01 15:53:18  CAP   final     09-01 16:00 s05 ミニオンズ＆モンスターズ M lead=7m occ=8%
09-01 15:53:23  CAP   done      対象 2 / 成功 2 / 失敗 0 / 22s
09-01 16:03:25  RUN   start     gap=10m
09-01 16:03:25  CAP   day-skip  09-03 販売対象外 8/46 件
09-01 16:03:34  CAP   final     09-01 16:10 s06 劇場版 魔法少女まどか☆マギ lead=6m occ=15%
09-01 16:03:37  CAP   done      対象 1 / 成功 1 / 失敗 0 / 12s
09-01 16:38:24  RUN   start     gap=35m
09-01 16:38:24  CAP   day-skip  09-03 販売対象外 8/46 件
09-01 16:38:33  CAP   slot1     09-01 17:10 s01 スパイダーマン：ブランド・ニ lead=32m occ=7%   ⚠ 座席数 375 ≠ 公称 376
09-01 16:38:38  CAP   done      対象 1 / 成功 1 / 失敗 0 / 14s
09-01 16:48:24  RUN   start     gap=10m
09-01 16:48:24  CAP   day-skip  09-03 販売対象外 8/46 件
09-01 16:48:33  CAP   slot1     09-01 17:20 s03 劇場版 魔法少女まどか☆マギ lead=32m occ=16%
09-01 16:48:37  CAP   done      対象 1 / 成功 1 / 失敗 0 / 13s
09-01 17:03:09  RUN   start     gap=15m
09-01 17:03:09  CAP   day-skip  09-03 販売対象外 8/46 件
09-01 17:03:18  CAP   final     09-01 17:10 s01 スパイダーマン：ブランド・ニ lead=7m occ=9%   ⚠ 座席数 375 ≠ 公称 376
09-01 17:03:21  CAP   done      対象 1 / 成功 1 / 失敗 0 / 12s
09-01 17:13:08  RUN   start     gap=10m
09-01 17:13:08  CAP   day-skip  09-03 販売対象外 8/46 件
09-01 17:13:17  CAP   final     09-01 17:20 s03 劇場版 魔法少女まどか☆マギ lead=7m occ=22%
09-01 17:13:24  CAP   slot1     09-01 17:45 s04 映画『仮面ライダーゼッツ さ lead=32m occ=25%
09-01 17:13:28  CAP   done      対象 2 / 成功 2 / 失敗 0 / 20s
09-01 17:28:00  RUN   start     gap=15m
09-01 17:28:00  CAP   day-skip  09-03 販売対象外 8/46 件
09-01 17:28:09  CAP   slot1     09-01 18:00 s05 25周年記念 『ハリー・ポッ lead=32m occ=44%
09-01 17:28:13  CAP   done      対象 1 / 成功 1 / 失敗 0 / 12s
09-01 17:38:30  RUN   start     gap=10m
09-01 17:38:30  CAP   day-skip  09-03 販売対象外 8/46 件
09-01 17:38:38  CAP   final     09-01 17:45 s04 映画『仮面ライダーゼッツ さ lead=6m occ=29%
09-01 17:38:42  CAP   done      対象 1 / 成功 1 / 失敗 0 / 13s
09-01 17:48:08  RUN   start     gap=10m
09-01 17:48:08  CAP   day-skip  09-03 販売対象外 8/46 件
09-01 17:48:16  CAP   slot1     09-01 18:20 s07 平行と垂直 Heikou t lead=32m occ=25%
09-01 17:48:20  CAP   done      対象 1 / 成功 1 / 失敗 0 / 12s
09-01 17:53:22  RUN   start     gap=5m
09-01 17:53:22  CAP   day-skip  09-03 販売対象外 8/46 件
09-01 17:53:30  CAP   final     09-01 18:00 s05 25周年記念 『ハリー・ポッ lead=7m occ=47%
09-01 17:53:34  CAP   done      対象 1 / 成功 1 / 失敗 0 / 12s
09-01 18:13:30  RUN   start     gap=20m
09-01 18:13:30  CAP   day-skip  09-03 販売対象外 8/46 件
09-01 18:13:39  CAP   final     09-01 18:20 s07 平行と垂直 Heikou t lead=6m occ=25%
09-01 18:13:47  CAP   slot1     09-01 18:45 s06 劇場版 魔法少女まどか☆マギ lead=31m occ=28%
09-01 18:13:52  CAP   done      対象 2 / 成功 2 / 失敗 0 / 22s
09-01 18:18:23  RUN   start     gap=5m
09-01 18:18:23  CAP   day-skip  09-03 販売対象外 8/46 件
09-01 18:18:32  CAP   slot1     09-01 18:50 s02 映画ちいかわ 人魚の島のひみ lead=32m occ=19%
09-01 18:18:35  CAP   done      対象 1 / 成功 1 / 失敗 0 / 12s
09-01 18:28:29  RUN   start     gap=10m
09-01 18:28:29  CAP   day-skip  09-03 販売対象外 8/46 件
09-01 18:28:38  CAP   slot1     09-01 19:00 s06 追加上映『髑髏城の七人 19 lead=31m occ=53%   ⚠ 座席数 328 ≠ 公称 330
09-01 18:28:41  CAP   done      対象 1 / 成功 1 / 失敗 0 / 12s
09-01 18:38:24  RUN   start     gap=10m
09-01 18:38:24  CAP   day-skip  09-03 販売対象外 8/46 件
09-01 18:38:32  CAP   final     09-01 18:45 s06 劇場版 魔法少女まどか☆マギ lead=6m occ=35%
09-01 18:38:36  CAP   done      対象 1 / 成功 1 / 失敗 0 / 13s
09-01 18:43:08  RUN   start     gap=5m
09-01 18:43:08  CAP   day-skip  09-03 販売対象外 8/46 件
09-01 18:43:17  CAP   final     09-01 18:50 s02 映画ちいかわ 人魚の島のひみ lead=7m occ=20%
09-01 18:43:22  CAP   done      対象 1 / 成功 1 / 失敗 0 / 14s
09-01 18:53:16  RUN   start     gap=10m
09-01 18:53:16  CAP   day-skip  09-03 販売対象外 8/46 件
09-01 18:53:25  CAP   final     09-01 19:00 s06 追加上映『髑髏城の七人 19 lead=7m occ=53%   ⚠ 座席数 328 ≠ 公称 330
09-01 18:53:29  CAP   done      対象 1 / 成功 1 / 失敗 0 / 13s
09-01 19:18:01  RUN   start     gap=25m
09-01 19:18:01  CAP   day-skip  09-03 販売対象外 8/46 件
09-01 19:18:10  CAP   slot1     09-01 19:50 s03 王様戦隊キングオージャー フ lead=32m occ=5%
09-01 19:18:18  CAP   slot1     09-01 19:50 s04 しらぬひ Shiranuhi lead=32m occ=1%
09-01 19:18:23  CAP   done      対象 2 / 成功 2 / 失敗 0 / 22s
09-01 19:43:09  RUN   start     gap=25m
09-01 19:43:09  CAP   day-skip  09-03 販売対象外 8/46 件
09-01 19:43:18  CAP   final     09-01 19:50 s03 王様戦隊キングオージャー フ lead=7m occ=6%
09-01 19:43:26  CAP   final     09-01 19:50 s04 しらぬひ Shiranuhi lead=7m occ=2%
09-01 19:43:33  CAP   slot1     09-01 20:15 s01 25周年記念 『ハリー・ポッ lead=32m occ=24%   ⚠ 座席数 375 ≠ 公称 376
09-01 19:43:39  CAP   done      対象 3 / 成功 3 / 失敗 0 / 29s
09-01 20:08:19  RUN   start     gap=25m
09-01 20:08:19  CAP   day-skip  09-03 販売対象外 8/46 件
09-01 20:08:28  CAP   final     09-01 20:15 s01 25周年記念 『ハリー・ポッ lead=7m occ=23%   ⚠ 座席数 375 ≠ 公称 376
09-01 20:08:31  CAP   done      対象 1 / 成功 1 / 失敗 0 / 12s
09-01 20:13:13  RUN   start     gap=5m
09-01 20:13:13  CAP   day-skip  09-03 販売対象外 8/46 件
09-01 20:13:21  CAP   slot1     09-01 20:45 s07 平行と垂直 Heikou t lead=32m occ=11%
09-01 20:13:26  CAP   done      対象 1 / 成功 1 / 失敗 0 / 13s
09-01 20:23:25  RUN   start     gap=10m
09-01 20:23:25  CAP   day-skip  09-03 販売対象外 8/46 件
09-01 20:23:34  CAP   slot1     09-01 20:55 s04 ブルーロック BLUE LO lead=32m occ=16%
09-01 20:23:39  CAP   done      対象 1 / 成功 1 / 失敗 0 / 14s
09-01 20:33:10  RUN   start     gap=10m
09-01 20:33:10  CAP   day-skip  09-03 販売対象外 8/46 件
09-01 20:33:19  CAP   slot1     09-01 21:05 s02 映画ちいかわ 人魚の島のひみ lead=32m occ=11%
09-01 20:33:23  CAP   done      対象 1 / 成功 1 / 失敗 0 / 13s
09-01 20:38:06  RUN   start     gap=5m
09-01 20:38:06  CAP   day-skip  09-03 販売対象外 8/46 件
09-01 20:38:15  CAP   final     09-01 20:45 s07 平行と垂直 Heikou t lead=7m occ=14%
09-01 20:38:18  CAP   done      対象 1 / 成功 1 / 失敗 0 / 12s
09-01 20:43:11  RUN   start     gap=5m
09-01 20:43:11  CAP   day-skip  09-03 販売対象外 8/46 件
09-01 20:43:19  CAP   slot1     09-01 21:15 s05 オークストリートの異変 Th lead=32m occ=3%
09-01 20:43:23  CAP   done      対象 1 / 成功 1 / 失敗 0 / 12s
09-01 20:48:15  RUN   start     gap=5m
09-01 20:48:15  CAP   day-skip  09-03 販売対象外 8/46 件
09-01 20:48:23  CAP   final     09-01 20:55 s04 ブルーロック BLUE LO lead=7m occ=20%
09-01 20:48:31  CAP   slot1     09-01 21:20 s06 劇場版 魔法少女まどか☆マギ lead=32m occ=17%
09-01 20:48:35  CAP   done      対象 2 / 成功 2 / 失敗 0 / 20s
09-01 20:58:28  RUN   start     gap=10m
09-01 20:58:28  CAP   day-skip  09-03 販売対象外 8/46 件
09-01 20:58:36  CAP   final     09-01 21:05 s02 映画ちいかわ 人魚の島のひみ lead=6m occ=11%
09-01 20:58:41  CAP   done      対象 1 / 成功 1 / 失敗 0 / 13s
09-01 21:08:04  RUN   start     gap=10m
09-01 21:08:04  CAP   day-skip  09-03 販売対象外 8/46 件
09-01 21:08:13  CAP   final     09-01 21:15 s05 オークストリートの異変 Th lead=7m occ=3%
09-01 21:08:16  CAP   done      対象 1 / 成功 1 / 失敗 0 / 12s
09-01 21:13:09  RUN   start     gap=5m
09-01 21:13:09  CAP   day-skip  09-03 販売対象外 8/46 件
09-01 21:13:17  CAP   final     09-01 21:20 s06 劇場版 魔法少女まどか☆マギ lead=7m occ=18%
09-01 21:13:21  CAP   done      対象 1 / 成功 1 / 失敗 0 / 12s
09-04 00:57:06  RUN   start     gap=51h43m   ← 前回から大きく空いた
09-04 00:57:40  SYNC  skip      2026-09-05 内容が切り替わらない
09-04 00:57:52  SYNC  skip      2026-09-06 内容が切り替わらない
09-04 00:58:05  SYNC  skip      2026-09-07 内容が切り替わらない
09-04 00:58:17  SYNC  skip      2026-09-08 内容が切り替わらない
09-04 00:58:31  SYNC  light     3日 143件  予定記録 142 件
09-04 00:58:31  CAP   day-skip  09-09 販売対象外 44/47 件
09-04 00:58:31  CAP   day-skip  09-10 販売対象外 46/48 件
09-04 00:58:40  CAP   slot0     09-04 08:00 s02 ミニオンズ＆モンスターズ M lead=421m occ=0%
09-04 00:58:47  CAP   slot0     09-04 08:05 s04 トイ・ストーリー５ Toy  lead=426m occ=0%
09-04 00:58:56  CAP   slot0     09-04 08:15 s01 SEKIRO:NO DEFE lead=436m occ=33%
09-04 00:59:03  CAP   slot0     09-04 08:15 s05 映画クレヨンしんちゃん 奇々 lead=436m occ=0%
09-04 00:59:12  CAP   slot0     09-04 08:40 s06 モアナと伝説の海 Moana lead=461m occ=0%
09-04 00:59:20  CAP   slot0     09-04 09:05 s03 映画『仮面ライダーゼッツ さ lead=486m occ=1%
09-04 00:59:29  CAP   slot0     09-04 10:00 s02 映画ちいかわ 人魚の島のひみ lead=541m occ=4%
09-04 00:59:33  CAP   no-page   09-04 10:00 TOMORROW X TOG  予約リンク無し
09-04 00:59:40  CAP   slot0     09-04 10:15 s04 キングダム 魂の決戦 kin lead=555m occ=1%
09-04 00:59:48  CAP   slot0     09-04 10:25 s05 平行と垂直 Heikou t lead=565m occ=11%
09-04 00:59:56  CAP   slot0     09-04 10:30 s01 劇場版 魔法少女まどか☆マギ lead=570m occ=7%
09-04 01:00:04  CAP   slot0     09-04 11:05 s06 THE ALFEE 3000 lead=605m occ=67%
09-04 01:00:13  CAP   slot0     09-04 11:10 s03 6DAYS 6Days lead=610m occ=24%
09-04 01:00:18  CAP   no-page   09-04 11:35 TOMORROW X TOG  予約リンク無し
09-04 01:00:27  CAP   slot0     09-04 12:15 s02 映画ちいかわ 人魚の島のひみ lead=675m occ=3%
09-04 01:00:35  CAP   slot0     09-04 12:50 s05 スパイダーマン：ブランド・ニ lead=710m occ=8%
09-04 01:00:43  CAP   slot0     09-04 13:00 s03 劇場版 魔法少女まどか☆マギ lead=719m occ=9%
09-04 01:00:52  CAP   slot0     09-04 13:05 s01 バックルームズ Backro lead=724m occ=11%
09-04 01:00:55  CAP   満席        09-04 13:05 [公開記念舞台挨拶]SEKI  （既製図なし）
09-04 01:01:00  CAP   slot0     09-04 13:05 s04 SEKIRO:NO DEFE lead=724m occ=74%
09-04 01:01:03  CAP   no-page   09-04 13:10 TOMORROW X TOG  予約リンク無し
09-04 01:01:11  CAP   slot0     09-04 13:40 s06 THE RIBBON HER lead=759m occ=8%
09-04 01:01:20  CAP   slot0     09-04 14:30 s02 映画ちいかわ 人魚の島のひみ lead=809m occ=1%
09-04 01:01:24  CAP   no-page   09-04 14:45 TOMORROW X TOG  予約リンク無し
09-04 01:01:32  CAP   slot0     09-04 15:20 s04 オークストリートの異変 Th lead=858m occ=0%
09-04 01:01:40  CAP   slot0     09-04 15:35 s03 劇場版 魔法少女まどか☆マギ lead=873m occ=5%
09-04 01:01:50  CAP   slot0     09-04 15:45 s01 スパイダーマン：ブランド・ニ lead=883m occ=2%
09-04 01:01:59  CAP   slot0     09-04 15:45 s05 SEKIRO:NO DEFE lead=883m occ=62%
09-04 01:02:06  CAP   slot0     09-04 16:05 s06 THE ALFEE 3000 lead=903m occ=39%
09-04 01:02:11  CAP   no-page   09-04 16:20 TOMORROW X TOG  予約リンク無し
09-04 01:02:18  CAP   slot0     09-04 16:45 s02 映画ちいかわ 人魚の島のひみ lead=943m occ=2%
09-04 01:02:26  CAP   slot0     09-04 17:30 s04 しらぬひ Shiranuhi lead=988m occ=1%
09-04 01:02:30  CAP   no-page   09-04 17:55 TOMORROW X TOG  予約リンク無し
09-04 01:02:39  CAP   slot0     09-04 18:00 s05 王様戦隊キングオージャー フ lead=1017m occ=18%
09-04 01:02:48  CAP   slot0     09-04 18:10 s03 劇場版 魔法少女まどか☆マギ lead=1027m occ=14%
09-04 01:02:57  CAP   slot0     09-04 18:35 s04 6DAYS 6Days lead=1052m occ=32%
09-04 01:03:06  CAP   slot0     09-04 18:40 s06 THE RIBBON HER lead=1057m occ=8%
09-04 01:03:14  CAP   slot0     09-04 18:45 s01 SEKIRO:NO DEFE lead=1062m occ=56%
09-04 01:03:22  CAP   slot0     09-04 19:00 s02 映画ちいかわ 人魚の島のひみ lead=1077m occ=5%
09-04 01:03:31  CAP   slot0     09-04 19:00 s06 追加上映『髑髏城の七人 19 lead=1076m occ=64%   ⚠ 座席数 328 ≠ 公称 330
09-04 01:03:35  CAP   no-page   09-04 19:30 TOMORROW X TOG  予約リンク無し
09-04 01:03:44  CAP   slot0     09-04 20:25 s04 ブルーロック BLUE LO lead=1161m occ=31%
09-04 01:03:53  CAP   slot0     09-04 20:45 s03 Michael／マイケル M lead=1181m occ=1%
09-04 01:04:02  CAP   slot0     09-04 21:00 s01 バックルームズ Backro lead=1196m occ=12%
09-04 01:04:11  CAP   slot0     09-04 21:05 s06 劇場版 魔法少女まどか☆マギ lead=1201m occ=12%
09-04 01:04:14  CAP   no-page   09-04 21:05 TOMORROW X TOG  予約リンク無し
09-04 01:04:22  CAP   slot0     09-04 21:10 s05 SEKIRO:NO DEFE lead=1206m occ=85%
09-04 01:04:29  CAP   slot0     09-04 21:15 s02 平行と垂直 Heikou t lead=1211m occ=?   ⚠ 座席が 0 件
09-04 01:04:34  MISS  46        09-03 10:00 09-03 11:35 09-03 13:10 09-03 14:45 09-03 16:20 09-03 17:55 09-03 19:30 09-03 21:05
09-04 01:04:34  CAP   sweep     対象 48 / 成功 40 / 失敗 8 / 363s
09-04 13:18:13  RUN   start     gap=12h21m   ← 前回から大きく空いた
09-04 13:18:13  CAP   day-skip  09-09 販売対象外 44/47 件
09-04 13:18:13  CAP   day-skip  09-10 販売対象外 46/48 件
09-04 13:18:27  CAP   slot1     09-04 13:40 s06 THE RIBBON HER lead=22m occ=8%
09-04 13:18:31  MISS  3         09-04 10:00 09-04 11:35 09-04 13:10
09-04 13:18:31  CAP   done      対象 1 / 成功 1 / 失敗 0 / 17s
09-04 13:33:23  RUN   start     gap=15m
09-04 13:33:23  CAP   day-skip  09-09 販売対象外 44/47 件
09-04 13:33:23  CAP   day-skip  09-10 販売対象外 46/48 件
09-04 13:33:31  CAP   final     09-04 13:40 s06 THE RIBBON HER lead=6m occ=8%
09-04 13:33:36  CAP   done      対象 1 / 成功 1 / 失敗 0 / 13s
09-04 13:58:28  RUN   start     gap=25m
09-04 13:58:28  CAP   day-skip  09-09 販売対象外 44/47 件
09-04 13:58:28  CAP   day-skip  09-10 販売対象外 46/48 件
09-04 13:58:37  CAP   slot1     09-04 14:30 s02 映画ちいかわ 人魚の島のひみ lead=32m occ=5%
09-04 13:58:40  CAP   done      対象 1 / 成功 1 / 失敗 0 / 13s
09-04 14:13:04  RUN   start     gap=15m
09-04 14:13:04  CAP   day-skip  09-09 販売対象外 44/47 件
09-04 14:13:04  CAP   day-skip  09-10 販売対象外 46/48 件
09-04 14:13:07  CAP   no-page   09-04 14:45 TOMORROW X TOG  予約リンク無し
09-04 14:13:12  CAP   done      対象 1 / 成功 0 / 失敗 1 / 8s
09-04 14:14:03  RUN   start     gap=1m
09-04 14:14:03  CAP   day-skip  09-09 販売対象外 44/47 件
09-04 14:14:03  CAP   day-skip  09-10 販売対象外 46/48 件
09-04 14:14:07  CAP   no-page   09-04 14:45 TOMORROW X TOG  予約リンク無し
09-04 14:14:11  CAP   done      対象 1 / 成功 0 / 失敗 1 / 7s
09-04 14:14:42  RUN   start     gap=1m
09-04 14:14:42  CAP   day-skip  09-09 販売対象外 44/47 件
09-04 14:14:42  CAP   day-skip  09-10 販売対象外 46/48 件
09-04 14:14:46  CAP   no-page   09-04 14:45 TOMORROW X TOG  予約リンク無し
09-04 14:14:49  CAP   done      対象 1 / 成功 0 / 失敗 1 / 7s
09-04 14:23:20  RUN   start     gap=9m
09-04 14:23:20  CAP   day-skip  09-09 販売対象外 44/47 件
09-04 14:23:20  CAP   day-skip  09-10 販売対象外 46/48 件
09-04 14:23:29  CAP   final     09-04 14:30 s02 映画ちいかわ 人魚の島のひみ lead=7m occ=9%
09-04 14:23:33  CAP   done      対象 1 / 成功 1 / 失敗 0 / 12s
09-04 14:48:29  RUN   start     gap=25m
09-04 14:48:29  CAP   day-skip  09-09 販売対象外 44/47 件
09-04 14:48:29  CAP   day-skip  09-10 販売対象外 46/48 件
09-04 14:48:44  CAP   slot1     09-04 15:20 s04 オークストリートの異変 Th lead=31m occ=1%
09-04 14:48:48  CAP   done      対象 1 / 成功 1 / 失敗 0 / 19s
09-04 15:03:05  RUN   start     gap=15m
09-04 15:03:05  CAP   day-skip  09-09 販売対象外 44/47 件
09-04 15:03:05  CAP   day-skip  09-10 販売対象外 46/48 件
09-04 15:03:14  CAP   slot1     09-04 15:35 s03 劇場版 魔法少女まどか☆マギ lead=32m occ=14%
09-04 15:03:19  CAP   done      対象 1 / 成功 1 / 失敗 0 / 14s
09-04 15:13:20  RUN   start     gap=10m
09-04 15:13:20  CAP   day-skip  09-09 販売対象外 44/47 件
09-04 15:13:20  CAP   day-skip  09-10 販売対象外 46/48 件
09-04 15:13:28  CAP   final     09-04 15:20 s04 オークストリートの異変 Th lead=7m occ=2%
09-04 15:13:36  CAP   slot1     09-04 15:45 s01 スパイダーマン：ブランド・ニ lead=32m occ=4%
09-04 15:13:44  CAP   slot1     09-04 15:45 s05 SEKIRO:NO DEFE lead=31m occ=87%
09-04 15:13:49  CAP   done      対象 3 / 成功 3 / 失敗 0 / 29s
09-04 15:28:06  RUN   start     gap=15m
09-04 15:28:06  CAP   day-skip  09-09 販売対象外 44/47 件
09-04 15:28:06  CAP   day-skip  09-10 販売対象外 46/48 件
09-04 15:28:17  CAP   final     09-04 15:35 s03 劇場版 魔法少女まどか☆マギ lead=7m occ=15%
09-04 15:28:21  CAP   done      対象 1 / 成功 1 / 失敗 0 / 14s
09-04 15:33:14  RUN   start     gap=5m
09-04 15:33:14  CAP   day-skip  09-09 販売対象外 44/47 件
09-04 15:33:14  CAP   day-skip  09-10 販売対象外 46/48 件
09-04 15:33:23  CAP   slot1     09-04 16:05 s06 THE ALFEE 3000 lead=32m occ=42%
09-04 15:33:26  CAP   done      対象 1 / 成功 1 / 失敗 0 / 12s
09-04 15:38:19  RUN   start     gap=5m
09-04 15:38:19  CAP   day-skip  09-09 販売対象外 44/47 件
09-04 15:38:19  CAP   day-skip  09-10 販売対象外 46/48 件
09-04 15:38:28  CAP   final     09-04 15:45 s01 スパイダーマン：ブランド・ニ lead=7m occ=5%
09-04 15:38:37  CAP   final     09-04 15:45 s05 SEKIRO:NO DEFE lead=6m occ=88%
09-04 15:38:41  CAP   done      対象 2 / 成功 2 / 失敗 0 / 21s
09-04 15:48:05  RUN   start     gap=10m
09-04 15:48:05  CAP   day-skip  09-09 販売対象外 44/47 件
09-04 15:48:05  CAP   day-skip  09-10 販売対象外 46/48 件
09-04 15:48:09  CAP   no-page   09-04 16:20 TOMORROW X TOG  予約リンク無し
09-04 15:48:12  CAP   done      対象 1 / 成功 0 / 失敗 1 / 7s
09-04 15:48:43  RUN   start     gap=1m
09-04 15:48:43  CAP   day-skip  09-09 販売対象外 44/47 件
09-04 15:48:43  CAP   day-skip  09-10 販売対象外 46/48 件
09-04 15:48:47  CAP   no-page   09-04 16:20 TOMORROW X TOG  予約リンク無し
09-04 15:48:52  CAP   done      対象 1 / 成功 0 / 失敗 1 / 9s
09-04 15:49:23  RUN   start     gap=1m
09-04 15:49:23  CAP   day-skip  09-09 販売対象外 44/47 件
09-04 15:49:23  CAP   day-skip  09-10 販売対象外 46/48 件
09-04 15:49:28  CAP   no-page   09-04 16:20 TOMORROW X TOG  予約リンク無し
09-04 15:49:32  CAP   done      対象 1 / 成功 0 / 失敗 1 / 9s
09-04 15:58:26  RUN   start     gap=9m
09-04 15:58:27  CAP   day-skip  09-09 販売対象外 44/47 件
09-04 15:58:27  CAP   day-skip  09-10 販売対象外 46/48 件
09-04 15:58:35  CAP   final     09-04 16:05 s06 THE ALFEE 3000 lead=6m occ=42%
09-04 15:58:40  CAP   done      対象 1 / 成功 1 / 失敗 0 / 14s
09-04 16:13:20  RUN   start     gap=15m
09-04 16:13:20  CAP   day-skip  09-09 販売対象外 44/47 件
09-04 16:13:20  CAP   day-skip  09-10 販売対象外 46/48 件
09-04 16:13:29  CAP   slot1     09-04 16:45 s02 映画ちいかわ 人魚の島のひみ lead=32m occ=5%
09-04 16:13:32  CAP   done      対象 1 / 成功 1 / 失敗 0 / 12s
09-04 16:38:19  RUN   start     gap=25m
09-04 16:38:19  CAP   day-skip  09-09 販売対象外 44/47 件
09-04 16:38:19  CAP   day-skip  09-10 販売対象外 46/48 件
09-04 16:38:29  CAP   final     09-04 16:45 s02 映画ちいかわ 人魚の島のひみ lead=7m occ=6%
09-04 16:38:33  CAP   done      対象 1 / 成功 1 / 失敗 0 / 14s
09-04 16:58:06  RUN   start     gap=20m
09-04 16:58:06  CAP   day-skip  09-09 販売対象外 44/47 件
09-04 16:58:06  CAP   day-skip  09-10 販売対象外 46/48 件
09-04 16:58:16  CAP   slot1     09-04 17:30 s04 しらぬひ Shiranuhi lead=32m occ=3%
09-04 16:58:21  CAP   done      対象 1 / 成功 1 / 失敗 0 / 15s
09-04 17:23:12  RUN   start     gap=25m
09-04 17:23:12  CAP   day-skip  09-09 販売対象外 44/47 件
09-04 17:23:12  CAP   day-skip  09-10 販売対象外 46/48 件
09-04 17:23:21  CAP   final     09-04 17:30 s04 しらぬひ Shiranuhi lead=7m occ=6%
09-04 17:23:25  CAP   no-page   09-04 17:55 TOMORROW X TOG  予約リンク無し
09-04 17:23:28  CAP   done      対象 2 / 成功 1 / 失敗 1 / 16s
09-04 17:24:22  RUN   start     gap=1m
09-04 17:24:22  CAP   day-skip  09-09 販売対象外 44/47 件
09-04 17:24:22  CAP   day-skip  09-10 販売対象外 46/48 件
09-04 17:24:26  CAP   no-page   09-04 17:55 TOMORROW X TOG  予約リンク無し
09-04 17:24:30  CAP   done      対象 1 / 成功 0 / 失敗 1 / 9s
09-04 17:25:02  RUN   start     gap=1m
09-04 17:25:02  CAP   day-skip  09-09 販売対象外 44/47 件
09-04 17:25:02  CAP   day-skip  09-10 販売対象外 46/48 件
09-04 17:25:06  CAP   no-page   09-04 17:55 TOMORROW X TOG  予約リンク無し
09-04 17:25:09  CAP   done      対象 1 / 成功 0 / 失敗 1 / 8s
09-04 17:28:11  RUN   start     gap=3m
09-04 17:28:11  CAP   day-skip  09-09 販売対象外 44/47 件
09-04 17:28:11  CAP   day-skip  09-10 販売対象外 46/48 件
09-04 17:28:19  CAP   slot1     09-04 18:00 s05 王様戦隊キングオージャー フ lead=32m occ=25%
09-04 17:28:23  CAP   done      対象 1 / 成功 1 / 失敗 0 / 13s
09-04 17:38:24  RUN   start     gap=10m
09-04 17:38:24  CAP   day-skip  09-09 販売対象外 44/47 件
09-04 17:38:24  CAP   day-skip  09-10 販売対象外 46/48 件
09-04 17:38:33  CAP   slot1     09-04 18:10 s03 劇場版 魔法少女まどか☆マギ lead=32m occ=24%
09-04 17:38:37  CAP   done      対象 1 / 成功 1 / 失敗 0 / 13s
09-04 17:53:23  RUN   start     gap=15m
09-04 17:53:23  CAP   day-skip  09-09 販売対象外 44/47 件
09-04 17:53:23  CAP   day-skip  09-10 販売対象外 46/48 件
09-04 17:53:31  CAP   final     09-04 18:00 s05 王様戦隊キングオージャー フ lead=6m occ=24%
09-04 17:53:35  CAP   done      対象 1 / 成功 1 / 失敗 0 / 12s
09-04 19:00:46  RUN   start     gap=1h07m   ← 前回から大きく空いた
09-04 19:00:46  CAP   day-skip  09-09 販売対象外 44/47 件
09-04 19:00:46  CAP   day-skip  09-10 販売対象外 46/48 件
09-04 19:00:57  CAP   final     09-04 19:00 s02 映画ちいかわ 人魚の島のひみ lead=-1m occ=14%
09-04 19:01:06  CAP   final     09-04 19:00 s06 追加上映『髑髏城の七人 19 lead=-1m occ=66%   ⚠ 座席数 328 ≠ 公称 330
09-04 19:01:10  CAP   no-page   09-04 19:30 TOMORROW X TOG  予約リンク無し
09-04 19:01:14  CAP   done      対象 3 / 成功 2 / 失敗 1 / 29s
09-04 19:02:28  RUN   start     gap=2m
09-04 19:02:28  CAP   day-skip  09-09 販売対象外 44/47 件
09-04 19:02:28  CAP   day-skip  09-10 販売対象外 46/48 件
09-04 19:02:33  CAP   no-page   09-04 19:30 TOMORROW X TOG  予約リンク無し
09-04 19:02:37  CAP   done      対象 1 / 成功 0 / 失敗 1 / 9s
09-04 19:03:08  RUN   start     gap=1m
09-04 19:03:08  CAP   day-skip  09-09 販売対象外 44/47 件
09-04 19:03:08  CAP   day-skip  09-10 販売対象外 46/48 件
09-04 19:03:12  CAP   no-page   09-04 19:30 TOMORROW X TOG  予約リンク無し
09-04 19:03:16  CAP   done      対象 1 / 成功 0 / 失敗 1 / 8s
09-04 19:53:01  RUN   start     gap=50m
09-04 19:53:01  CAP   day-skip  09-09 販売対象外 44/47 件
09-04 19:53:01  CAP   day-skip  09-10 販売対象外 46/48 件
09-04 19:53:10  CAP   slot1     09-04 20:25 s04 ブルーロック BLUE LO lead=32m occ=44%
09-04 19:53:14  CAP   done      対象 1 / 成功 1 / 失敗 0 / 13s
09-04 20:13:29  RUN   start     gap=20m
09-04 20:13:29  CAP   day-skip  09-09 販売対象外 44/47 件
09-04 20:13:29  CAP   day-skip  09-10 販売対象外 46/48 件
09-04 20:13:38  CAP   slot1     09-04 20:45 s03 Michael／マイケル M lead=31m occ=5%
09-04 20:13:41  CAP   done      対象 1 / 成功 1 / 失敗 0 / 13s
09-04 20:18:13  RUN   start     gap=5m
09-04 20:18:13  CAP   day-skip  09-09 販売対象外 44/47 件
09-04 20:18:13  CAP   day-skip  09-10 販売対象外 46/48 件
09-04 20:18:22  CAP   final     09-04 20:25 s04 ブルーロック BLUE LO lead=7m occ=49%
09-04 20:18:27  CAP   done      対象 1 / 成功 1 / 失敗 0 / 14s
09-04 20:28:22  RUN   start     gap=10m
09-04 20:28:22  CAP   day-skip  09-09 販売対象外 44/47 件
09-04 20:28:22  CAP   day-skip  09-10 販売対象外 46/48 件
09-04 20:28:32  CAP   slot1     09-04 21:00 s01 バックルームズ Backro lead=32m occ=20%
09-04 20:28:35  CAP   done      対象 1 / 成功 1 / 失敗 0 / 13s
09-04 20:33:30  RUN   start     gap=5m
09-04 20:33:30  CAP   day-skip  09-09 販売対象外 44/47 件
09-04 20:33:30  CAP   day-skip  09-10 販売対象外 46/48 件
09-04 20:33:39  CAP   slot1     09-04 21:05 s06 劇場版 魔法少女まどか☆マギ lead=31m occ=19%
09-04 20:33:43  CAP   no-page   09-04 21:05 TOMORROW X TOG  予約リンク無し
09-04 20:33:47  CAP   done      対象 2 / 成功 1 / 失敗 1 / 17s
09-04 20:34:42  RUN   start     gap=1m
09-04 20:34:42  CAP   day-skip  09-09 販売対象外 44/47 件
09-04 20:34:42  CAP   day-skip  09-10 販売対象外 46/48 件
09-04 20:34:47  CAP   no-page   09-04 21:05 TOMORROW X TOG  予約リンク無し
09-04 20:34:50  CAP   done      対象 1 / 成功 0 / 失敗 1 / 9s
09-04 20:35:22  RUN   start     gap=1m
09-04 20:35:22  CAP   day-skip  09-09 販売対象外 44/47 件
09-04 20:35:22  CAP   day-skip  09-10 販売対象外 46/48 件
09-04 20:35:26  CAP   no-page   09-04 21:05 TOMORROW X TOG  予約リンク無し
09-04 20:35:31  CAP   done      対象 1 / 成功 0 / 失敗 1 / 9s
09-04 20:38:03  RUN   start     gap=3m
09-04 20:38:03  CAP   day-skip  09-09 販売対象外 44/47 件
09-04 20:38:03  CAP   day-skip  09-10 販売対象外 46/48 件
09-04 20:38:12  CAP   final     09-04 20:45 s03 Michael／マイケル M lead=7m occ=7%
09-04 20:38:20  CAP   slot1     09-04 21:10 s05 SEKIRO:NO DEFE lead=32m occ=100%
09-04 20:38:25  CAP   done      対象 2 / 成功 2 / 失敗 0 / 22s
09-04 20:43:27  RUN   start     gap=5m
09-04 20:43:27  CAP   day-skip  09-09 販売対象外 44/47 件
09-04 20:43:27  CAP   day-skip  09-10 販売対象外 46/48 件
09-04 20:43:35  CAP   slot1     09-04 21:15 s02 平行と垂直 Heikou t lead=32m occ=19%
09-04 20:43:39  CAP   done      対象 1 / 成功 1 / 失敗 0 / 12s
09-04 20:53:14  RUN   start     gap=10m
09-04 20:53:14  CAP   day-skip  09-09 販売対象外 44/47 件
09-04 20:53:14  CAP   day-skip  09-10 販売対象外 46/48 件
09-04 20:53:22  CAP   final     09-04 21:00 s01 バックルームズ Backro lead=7m occ=19%
09-04 20:53:27  CAP   done      対象 1 / 成功 1 / 失敗 0 / 13s
09-04 20:58:19  RUN   start     gap=5m
09-04 20:58:19  CAP   day-skip  09-09 販売対象外 44/47 件
09-04 20:58:19  CAP   day-skip  09-10 販売対象外 46/48 件
09-04 20:58:28  CAP   final     09-04 21:05 s06 劇場版 魔法少女まどか☆マギ lead=7m occ=19%
09-04 20:58:32  CAP   done      対象 1 / 成功 1 / 失敗 0 / 12s
09-04 21:03:03  RUN   start     gap=5m
09-04 21:03:03  CAP   day-skip  09-09 販売対象外 44/47 件
09-04 21:03:03  CAP   day-skip  09-10 販売対象外 46/48 件
09-04 21:03:11  CAP   final     09-04 21:10 s05 SEKIRO:NO DEFE lead=7m occ=99%
09-04 21:03:15  CAP   done      対象 1 / 成功 1 / 失敗 0 / 12s
09-04 21:08:16  RUN   start     gap=5m
09-04 21:08:16  CAP   day-skip  09-09 販売対象外 44/47 件
09-04 21:08:16  CAP   day-skip  09-10 販売対象外 46/48 件
09-04 21:08:24  CAP   final     09-04 21:15 s02 平行と垂直 Heikou t lead=7m occ=19%
09-04 21:08:28  CAP   done      対象 1 / 成功 1 / 失敗 0 / 12s
09-05 14:07:21  RUN   start     gap=16h59m   ← 前回から大きく空いた
09-05 14:07:46  SYNC  skip      2026-09-06 内容が切り替わらない
09-05 14:07:59  SYNC  skip      2026-09-07 内容が切り替わらない
09-05 14:08:11  SYNC  skip      2026-09-08 内容が切り替わらない
09-05 14:08:28  SYNC  light     3日 146件  予定記録 144 件   変更 2 件
09-05 14:08:28  SYNC  change    2026-09-09 +20260909-1900-s07-dazn-j1-9-vs-7cde29
09-05 14:08:28  SYNC  change    2026-09-10 +20260910-1900-s07-dazn-j1-9-vs-7cde29
09-05 14:08:28  CAP   day-skip  09-09 販売対象外 44/48 件
09-05 14:08:28  CAP   day-skip  09-10 販売対象外 46/49 件
09-05 14:08:37  CAP   slot1     09-05 14:30 s06 映画ちいかわ 人魚の島のひみ lead=22m occ=97%
09-05 14:08:42  CAP   no-page   09-05 14:45 TOMORROW X TOG  予約リンク無し
09-05 14:08:51  CAP   slot0     09-05 15:25 s04 オークストリートの異変 Th lead=76m occ=24%
09-05 14:08:59  CAP   slot0     09-05 15:35 s02 THE ALFEE 3000 lead=86m occ=95%
09-05 14:09:08  CAP   slot0     09-05 15:45 s01 スパイダーマン：ブランド・ニ lead=96m occ=25%
09-05 14:09:12  CAP   満席        09-05 15:45 SEKIRO:NO DEFE  （既製図なし）
09-05 14:09:12  CAP   満席        09-05 16:00 劇場版 魔法少女まどか☆マギ  （既製図なし）
09-05 14:09:12  CAP   no-page   09-05 16:20 TOMORROW X TOG  予約リンク無し
09-05 14:09:16  CAP   満席        09-05 16:45 映画ちいかわ 人魚の島のひみ
09-05 14:09:21  CAP   slot0     09-05 17:35 s04 しらぬひ Shiranuhi lead=206m occ=2%
09-05 14:09:24  CAP   no-page   09-05 17:55 TOMORROW X TOG  予約リンク無し
09-05 14:09:32  CAP   slot0     09-05 18:00 s05 王様戦隊キングオージャー フ lead=230m occ=41%
09-05 14:09:40  CAP   slot0     09-05 18:10 s02 劇場版 魔法少女まどか☆マギ lead=240m occ=79%
09-05 14:09:49  CAP   slot0     09-05 18:40 s04 THE RIBBON HER lead=270m occ=19%
09-05 14:09:58  CAP   slot0     09-05 18:45 s01 SEKIRO:NO DEFE lead=275m occ=68%
09-05 14:10:01  CAP   満席        09-05 19:00 映画ちいかわ 人魚の島のひみ
09-05 14:10:06  CAP   slot0     09-05 19:00 s06 追加上映『髑髏城の七人 19 lead=290m occ=66%   ⚠ 座席数 328 ≠ 公称 330
09-05 14:10:15  CAP   slot0     09-05 19:00 s07 DAZN主催 明治安田J1リ lead=290m occ=1%
09-05 14:10:24  CAP   slot0     09-05 19:20 s03 6DAYS 6Days lead=310m occ=15%
09-05 14:10:27  CAP   no-page   09-05 19:30 TOMORROW X TOG  予約リンク無し
09-05 14:10:35  CAP   slot0     09-05 20:45 s02 Michael／マイケル M lead=394m occ=6%
09-05 14:10:43  CAP   slot0     09-05 21:00 s01 バックルームズ Backro lead=409m occ=10%
09-05 14:10:52  CAP   slot0     09-05 21:05 s04 ブルーロック BLUE LO lead=414m occ=12%
09-05 14:10:56  CAP   no-page   09-05 21:05 TOMORROW X TOG  予約リンク無し
09-05 14:11:05  CAP   slot0     09-05 21:10 s03 SEKIRO:NO DEFE lead=419m occ=40%
09-05 14:11:15  CAP   slot0     09-05 21:10 s05 平行と垂直 Heikou t lead=419m occ=20%
09-05 14:11:22  CAP   slot0     09-05 21:15 s06 劇場版 魔法少女まどか☆マギ lead=424m occ=28%
09-05 14:11:26  MISS  22        09-05 10:00 09-05 11:35 09-05 13:10 09-05 13:05 09-05 13:05 09-05 08:15 09-05 10:15 09-05 10:05
09-05 14:11:27  CAP   sweep     対象 27 / 成功 22 / 失敗 5 / 179s
09-05 15:27:38  RUN   start     gap=1h20m   ← 前回から大きく空いた
09-05 15:27:38  CAP   day-skip  09-09 販売対象外 44/48 件
09-05 15:27:38  CAP   day-skip  09-10 販売対象外 46/49 件
09-05 15:27:47  CAP   final     09-05 15:25 s04 オークストリートの異変 Th lead=-3m occ=37%
09-05 15:27:56  CAP   slot1     09-05 15:35 s02 THE ALFEE 3000 lead=7m occ=97%
09-05 15:28:04  CAP   slot1     09-05 15:45 s01 スパイダーマン：ブランド・ニ lead=17m occ=30%
09-05 15:28:09  CAP   満席        09-05 15:45 SEKIRO:NO DEFE  （既製図なし）
09-05 15:28:09  MISS  1         09-05 14:45
09-05 15:28:09  CAP   done      対象 4 / 成功 4 / 失敗 0 / 31s
09-05 15:29:20  RUN   start     gap=2m
09-05 15:29:20  CAP   day-skip  09-09 販売対象外 44/48 件
09-05 15:29:20  CAP   day-skip  09-10 販売対象外 46/49 件
09-05 15:29:29  CAP   final     09-05 15:35 s02 THE ALFEE 3000 lead=6m occ=97%
09-05 15:29:33  CAP   満席        09-05 16:00 劇場版 魔法少女まどか☆マギ  （既製図なし）
09-05 15:29:33  CAP   done      対象 2 / 成功 2 / 失敗 0 / 13s
09-05 15:38:28  RUN   start     gap=9m
09-05 15:38:28  CAP   day-skip  09-09 販売対象外 44/48 件
09-05 15:38:28  CAP   day-skip  09-10 販売対象外 46/49 件
09-05 15:38:37  CAP   final     09-05 15:45 s01 スパイダーマン：ブランド・ニ lead=6m occ=31%
09-05 15:38:41  CAP   満席        09-05 15:45 SEKIRO:NO DEFE  （既製図なし）
09-05 15:38:41  CAP   done      対象 2 / 成功 2 / 失敗 0 / 14s
09-05 15:48:17  RUN   start     gap=10m
09-05 15:48:17  CAP   day-skip  09-09 販売対象外 44/48 件
09-05 15:48:17  CAP   day-skip  09-10 販売対象外 46/49 件
09-05 15:48:21  CAP   no-page   09-05 16:20 TOMORROW X TOG  予約リンク無し
09-05 15:48:26  CAP   done      対象 1 / 成功 0 / 失敗 1 / 9s
09-05 15:48:57  RUN   start     gap=1m
09-05 15:48:57  CAP   day-skip  09-09 販売対象外 44/48 件
09-05 15:48:57  CAP   day-skip  09-10 販売対象外 46/49 件
09-05 15:49:01  CAP   no-page   09-05 16:20 TOMORROW X TOG  予約リンク無し
09-05 15:49:05  CAP   done      対象 1 / 成功 0 / 失敗 1 / 8s
09-05 15:49:36  RUN   start     gap=1m
09-05 15:49:36  CAP   day-skip  09-09 販売対象外 44/48 件
09-05 15:49:36  CAP   day-skip  09-10 販売対象外 46/49 件
09-05 15:49:40  CAP   no-page   09-05 16:20 TOMORROW X TOG  予約リンク無し
09-05 15:49:50  CAP   done      対象 1 / 成功 0 / 失敗 1 / 15s
09-05 15:53:21  RUN   start     gap=4m
09-05 15:53:21  CAP   day-skip  09-09 販売対象外 44/48 件
09-05 15:53:21  CAP   day-skip  09-10 販売対象外 46/49 件
09-05 15:53:25  CAP   満席        09-05 16:00 劇場版 魔法少女まどか☆マギ  （既製図なし）
09-05 15:53:26  CAP   done      対象 1 / 成功 1 / 失敗 0 / 4s
09-05 16:13:11  RUN   start     gap=20m
09-05 16:13:11  CAP   day-skip  09-09 販売対象外 44/48 件
09-05 16:13:11  CAP   day-skip  09-10 販売対象外 46/49 件
09-05 16:13:20  CAP   満席        09-05 16:45 映画ちいかわ 人魚の島のひみ
09-05 16:13:20  CAP   done      対象 1 / 成功 1 / 失敗 0 / 9s
09-05 16:38:02  RUN   start     gap=25m
09-05 16:38:02  CAP   day-skip  09-09 販売対象外 44/48 件
09-05 16:38:02  CAP   day-skip  09-10 販売対象外 46/49 件
09-05 16:38:06  CAP   満席        09-05 16:45 映画ちいかわ 人魚の島のひみ
09-05 16:38:06  CAP   done      対象 1 / 成功 1 / 失敗 0 / 4s
09-05 17:03:01  RUN   start     gap=25m
09-05 17:03:01  CAP   day-skip  09-09 販売対象外 44/48 件
09-05 17:03:01  CAP   day-skip  09-10 販売対象外 46/49 件
09-05 17:03:11  CAP   slot1     09-05 17:35 s04 しらぬひ Shiranuhi lead=32m occ=8%
09-05 17:03:15  CAP   done      対象 1 / 成功 1 / 失敗 0 / 14s
09-05 17:23:04  RUN   start     gap=20m
09-05 17:23:04  CAP   day-skip  09-09 販売対象外 44/48 件
09-05 17:23:04  CAP   day-skip  09-10 販売対象外 46/49 件
09-05 17:23:08  CAP   no-page   09-05 17:55 TOMORROW X TOG  予約リンク無し
09-05 17:23:12  CAP   done      対象 1 / 成功 0 / 失敗 1 / 8s
09-05 17:23:43  RUN   start     gap=1m
09-05 17:23:43  CAP   day-skip  09-09 販売対象外 44/48 件
09-05 17:23:43  CAP   day-skip  09-10 販売対象外 46/49 件
09-05 17:23:47  CAP   no-page   09-05 17:55 TOMORROW X TOG  予約リンク無し
09-05 17:23:51  CAP   done      対象 1 / 成功 0 / 失敗 1 / 8s
09-05 17:24:22  RUN   start     gap=1m
09-05 17:24:22  CAP   day-skip  09-09 販売対象外 44/48 件
09-05 17:24:22  CAP   day-skip  09-10 販売対象外 46/49 件
09-05 17:24:26  CAP   no-page   09-05 17:55 TOMORROW X TOG  予約リンク無し
09-05 17:24:29  CAP   done      対象 1 / 成功 0 / 失敗 1 / 7s
09-05 17:28:01  RUN   start     gap=4m
09-05 17:28:01  CAP   day-skip  09-09 販売対象外 44/48 件
09-05 17:28:01  CAP   day-skip  09-10 販売対象外 46/49 件
09-05 17:28:10  CAP   final     09-05 17:35 s04 しらぬひ Shiranuhi lead=7m occ=13%
09-05 17:28:17  CAP   slot1     09-05 18:00 s05 王様戦隊キングオージャー フ lead=32m occ=53%
09-05 17:28:21  CAP   done      対象 2 / 成功 2 / 失敗 0 / 21s
09-05 17:38:15  RUN   start     gap=10m
09-05 17:38:15  CAP   day-skip  09-09 販売対象外 44/48 件
09-05 17:38:15  CAP   day-skip  09-10 販売対象外 46/49 件
09-05 17:38:23  CAP   slot1     09-05 18:10 s02 劇場版 魔法少女まどか☆マギ lead=32m occ=100%
09-05 17:38:27  CAP   done      対象 1 / 成功 1 / 失敗 0 / 12s
09-05 17:53:00  RUN   start     gap=15m
09-05 17:53:00  CAP   day-skip  09-09 販売対象外 44/48 件
09-05 17:53:00  CAP   day-skip  09-10 販売対象外 46/49 件
09-05 17:53:09  CAP   final     09-05 18:00 s05 王様戦隊キングオージャー フ lead=7m occ=53%
09-05 17:53:13  CAP   done      対象 1 / 成功 1 / 失敗 0 / 13s
09-05 18:03:18  RUN   start     gap=10m
09-05 18:03:18  CAP   day-skip  09-09 販売対象外 44/48 件
09-05 18:03:18  CAP   day-skip  09-10 販売対象外 46/49 件
09-05 18:03:26  CAP   final     09-05 18:10 s02 劇場版 魔法少女まどか☆マギ lead=7m occ=100%
09-05 18:03:31  CAP   done      対象 1 / 成功 1 / 失敗 0 / 13s
09-05 18:08:08  RUN   start     gap=5m
09-05 18:08:08  CAP   day-skip  09-09 販売対象外 44/48 件
09-05 18:08:08  CAP   day-skip  09-10 販売対象外 46/49 件
09-05 18:08:17  CAP   slot1     09-05 18:40 s04 THE RIBBON HER lead=32m occ=24%
09-05 18:08:21  CAP   done      対象 1 / 成功 1 / 失敗 0 / 13s
09-05 18:13:00  RUN   start     gap=5m
09-05 18:13:00  CAP   day-skip  09-09 販売対象外 44/48 件
09-05 18:13:00  CAP   day-skip  09-10 販売対象外 46/49 件
09-05 18:13:10  CAP   slot1     09-05 18:45 s01 SEKIRO:NO DEFE lead=32m occ=76%
09-05 18:13:14  CAP   done      対象 1 / 成功 1 / 失敗 0 / 14s
09-05 18:28:05  RUN   start     gap=15m
09-05 18:28:05  CAP   day-skip  09-09 販売対象外 44/48 件
09-05 18:28:05  CAP   day-skip  09-10 販売対象外 46/49 件
09-05 18:28:17  CAP   満席        09-05 19:00 映画ちいかわ 人魚の島のひみ
09-05 18:28:22  CAP   slot1     09-05 19:00 s06 追加上映『髑髏城の七人 19 lead=32m occ=67%   ⚠ 座席数 328 ≠ 公称 330
09-05 18:28:30  CAP   slot1     09-05 19:00 s07 DAZN主催 明治安田J1リ lead=32m occ=1%
09-05 18:28:34  CAP   done      対象 3 / 成功 3 / 失敗 0 / 29s
09-05 18:33:06  RUN   start     gap=5m
09-05 18:33:06  CAP   day-skip  09-09 販売対象外 44/48 件
09-05 18:33:06  CAP   day-skip  09-10 販売対象外 46/49 件
09-05 18:33:15  CAP   final     09-05 18:40 s04 THE RIBBON HER lead=7m occ=26%
09-05 18:33:20  CAP   done      対象 1 / 成功 1 / 失敗 0 / 14s
09-05 18:38:21  RUN   start     gap=5m
09-05 18:38:21  CAP   day-skip  09-09 販売対象外 44/48 件
09-05 18:38:21  CAP   day-skip  09-10 販売対象外 46/49 件
09-05 18:38:32  CAP   final     09-05 18:45 s01 SEKIRO:NO DEFE lead=6m occ=78%
09-05 18:38:35  CAP   done      対象 1 / 成功 1 / 失敗 0 / 14s
09-05 18:48:24  RUN   start     gap=10m
09-05 18:48:24  CAP   day-skip  09-09 販売対象外 44/48 件
09-05 18:48:24  CAP   day-skip  09-10 販売対象外 46/49 件
09-05 18:48:33  CAP   slot1     09-05 19:20 s03 6DAYS 6Days lead=32m occ=17%
09-05 18:48:36  CAP   done      対象 1 / 成功 1 / 失敗 0 / 13s
09-05 18:53:08  RUN   start     gap=5m
09-05 18:53:08  CAP   day-skip  09-09 販売対象外 44/48 件
09-05 18:53:08  CAP   day-skip  09-10 販売対象外 46/49 件
09-05 18:53:13  CAP   満席        09-05 19:00 映画ちいかわ 人魚の島のひみ
09-05 18:53:17  CAP   final     09-05 19:00 s06 追加上映『髑髏城の七人 19 lead=7m occ=67%   ⚠ 座席数 328 ≠ 公称 330
09-05 18:53:25  CAP   final     09-05 19:00 s07 DAZN主催 明治安田J1リ lead=7m occ=1%
09-05 18:53:30  CAP   done      対象 3 / 成功 3 / 失敗 0 / 22s
09-05 18:58:01  RUN   start     gap=5m
09-05 18:58:01  CAP   day-skip  09-09 販売対象外 44/48 件
09-05 18:58:01  CAP   day-skip  09-10 販売対象外 46/49 件
09-05 18:58:06  CAP   no-page   09-05 19:30 TOMORROW X TOG  予約リンク無し
09-05 18:58:10  CAP   done      対象 1 / 成功 0 / 失敗 1 / 9s
09-05 18:58:42  RUN   start     gap=1m
09-05 18:58:42  CAP   day-skip  09-09 販売対象外 44/48 件
09-05 18:58:42  CAP   day-skip  09-10 販売対象外 46/49 件
09-05 18:58:47  CAP   no-page   09-05 19:30 TOMORROW X TOG  予約リンク無し
09-05 18:58:51  CAP   done      対象 1 / 成功 0 / 失敗 1 / 9s
09-05 18:59:23  RUN   start     gap=1m
09-05 18:59:23  CAP   day-skip  09-09 販売対象外 44/48 件
09-05 18:59:23  CAP   day-skip  09-10 販売対象外 46/49 件
09-05 18:59:28  CAP   no-page   09-05 19:30 TOMORROW X TOG  予約リンク無し
09-05 18:59:32  CAP   done      対象 1 / 成功 0 / 失敗 1 / 9s
09-05 19:13:27  RUN   start     gap=14m
09-05 19:13:27  CAP   day-skip  09-09 販売対象外 44/48 件
09-05 19:13:27  CAP   day-skip  09-10 販売対象外 46/49 件
09-05 19:13:37  CAP   final     09-05 19:20 s03 6DAYS 6Days lead=6m occ=19%
09-05 19:13:40  CAP   done      対象 1 / 成功 1 / 失敗 0 / 13s
09-05 20:13:27  RUN   start     gap=60m
09-05 20:13:27  CAP   day-skip  09-09 販売対象外 44/48 件
09-05 20:13:27  CAP   day-skip  09-10 販売対象外 46/49 件
09-05 20:13:35  CAP   slot1     09-05 20:45 s02 Michael／マイケル M lead=32m occ=12%
09-05 20:13:39  CAP   done      対象 1 / 成功 1 / 失敗 0 / 12s
09-05 20:28:14  RUN   start     gap=15m
09-05 20:28:14  CAP   day-skip  09-09 販売対象外 44/48 件
09-05 20:28:14  CAP   day-skip  09-10 販売対象外 46/49 件
09-05 20:28:22  CAP   slot1     09-05 21:00 s01 バックルームズ Backro lead=32m occ=17%
09-05 20:28:26  CAP   done      対象 1 / 成功 1 / 失敗 0 / 12s
09-05 20:33:25  RUN   start     gap=5m
09-05 20:33:25  CAP   day-skip  09-09 販売対象外 44/48 件
09-05 20:33:25  CAP   day-skip  09-10 販売対象外 46/49 件
09-05 20:33:34  CAP   slot1     09-05 21:05 s04 ブルーロック BLUE LO lead=32m occ=20%
09-05 20:33:38  CAP   no-page   09-05 21:05 TOMORROW X TOG  予約リンク無し
09-05 20:33:41  CAP   done      対象 2 / 成功 1 / 失敗 1 / 17s
09-05 20:34:13  RUN   start     gap=1m
09-05 20:34:13  CAP   day-skip  09-09 販売対象外 44/48 件
09-05 20:34:13  CAP   day-skip  09-10 販売対象外 46/49 件
09-05 20:34:17  CAP   no-page   09-05 21:05 TOMORROW X TOG  予約リンク無し
09-05 20:34:22  CAP   done      対象 1 / 成功 0 / 失敗 1 / 9s
09-05 20:34:54  RUN   start     gap=1m
09-05 20:34:54  CAP   day-skip  09-09 販売対象外 44/48 件
09-05 20:34:54  CAP   day-skip  09-10 販売対象外 46/49 件
09-05 20:34:58  CAP   no-page   09-05 21:05 TOMORROW X TOG  予約リンク無し
09-05 20:35:01  CAP   done      対象 1 / 成功 0 / 失敗 1 / 8s
09-05 20:38:11  RUN   start     gap=3m
09-05 20:38:11  CAP   day-skip  09-09 販売対象外 44/48 件
09-05 20:38:11  CAP   day-skip  09-10 販売対象外 46/49 件
09-05 20:38:20  CAP   final     09-05 20:45 s02 Michael／マイケル M lead=7m occ=17%
09-05 20:38:29  CAP   slot1     09-05 21:10 s03 SEKIRO:NO DEFE lead=32m occ=54%
09-05 20:38:37  CAP   slot1     09-05 21:10 s05 平行と垂直 Heikou t lead=31m occ=29%
09-05 20:38:42  CAP   done      対象 3 / 成功 3 / 失敗 0 / 31s
09-05 20:43:25  RUN   start     gap=5m
09-05 20:43:25  CAP   day-skip  09-09 販売対象外 44/48 件
09-05 20:43:25  CAP   day-skip  09-10 販売対象外 46/49 件
09-05 20:43:34  CAP   slot1     09-05 21:15 s06 劇場版 魔法少女まどか☆マギ lead=32m occ=40%
09-05 20:43:38  CAP   done      対象 1 / 成功 1 / 失敗 0 / 13s
09-05 20:53:22  RUN   start     gap=10m
09-05 20:53:22  CAP   day-skip  09-09 販売対象外 44/48 件
09-05 20:53:22  CAP   day-skip  09-10 販売対象外 46/49 件
09-05 20:53:31  CAP   final     09-05 21:00 s01 バックルームズ Backro lead=7m occ=19%
09-05 20:53:35  CAP   done      対象 1 / 成功 1 / 失敗 0 / 13s
09-05 20:58:29  RUN   start     gap=5m
09-05 20:58:29  CAP   day-skip  09-09 販売対象外 44/48 件
09-05 20:58:29  CAP   day-skip  09-10 販売対象外 46/49 件
09-05 20:58:39  CAP   final     09-05 21:05 s04 ブルーロック BLUE LO lead=6m occ=21%
09-05 20:58:42  CAP   done      対象 1 / 成功 1 / 失敗 0 / 12s
09-05 21:03:14  RUN   start     gap=5m
09-05 21:03:14  CAP   day-skip  09-09 販売対象外 44/48 件
09-05 21:03:14  CAP   day-skip  09-10 販売対象外 46/49 件
09-05 21:03:23  CAP   final     09-05 21:10 s03 SEKIRO:NO DEFE lead=7m occ=56%
09-05 21:03:32  CAP   final     09-05 21:10 s05 平行と垂直 Heikou t lead=6m occ=39%
09-05 21:03:36  CAP   done      対象 2 / 成功 2 / 失敗 0 / 22s
09-05 21:08:01  RUN   start     gap=5m
09-05 21:08:01  CAP   day-skip  09-09 販売対象外 44/48 件
09-05 21:08:01  CAP   day-skip  09-10 販売対象外 46/49 件
09-05 21:08:10  CAP   final     09-05 21:15 s06 劇場版 魔法少女まどか☆マギ lead=7m occ=41%
09-05 21:08:14  CAP   done      対象 1 / 成功 1 / 失敗 0 / 13s
